"seq","hash","date","author","subject","files_changed","touches_weather_sim","touches_shared_infra","subsystem","intended_effect","regression_surface","full_diff_reviewed","related_doc","current_runtime_relevance"
"1","9f4f8570","2026-08-09","dpritzker0905-cmd","docs(handoff): the tide A/B produced its first TRUSTWORTHY verdict -- and one open discrepancy","1","no","no","docs/handoff","Append 24 lines to the 08-09-D Jacobian-audit handoff recording the tide shadow-A/B verdict and one unresolved discrepancy.","None. Sole file is docs/research/HANDOFF-2026-08-09-D-*.md; no code, config, workflow or asset touched.","yes","docs/research/HANDOFF-2026-08-09-D-jacobian-audit-of-the-instrument-session.md","No runtime effect. ACTUAL HEAD of dev at audit time (the brief named 3d3ccdc2)."
"2","3d3ccdc2","2026-08-09","dpritzker0905-cmd","docs(handoff): Jacobian audit -- ranked by effect on the user's number, including the times I was wrong","1","no","no","docs/handoff","Create the 08-09-D handoff: rank the session's findings by Jacobian (effect on the displayed number) and record the author's own refuted claims.","None. Docs-only, single new file.","yes","docs/research/HANDOFF-2026-08-09-D-jacobian-audit-of-the-instrument-session.md","No runtime effect. Primary reading for prioritising the queue."
"3","b20dba2a","2026-08-09","dpritzker0905-cmd","test(height): the displayed wave height depends on WHICH LANE answered -- up to 2.86x (R11-11 #5)","1","yes","no","frontend/map/height-sampling","Add nearshoreDecay.proof.test.js pinning that sampleValueFromDecodedTiles applies a land-neighbour decay (1->0.65, 2->0.45, 3+->0.35) that the exact-point lane does NOT, so one coordinate/hour shows H or 0.35H depending only on which lane answered. NO production behaviour changed.","Test-only, but it FREEZES a live defect: MapForecastOverlay's `useExactPoint?.wave_height ?? sampledWaves?.value ?? ...` chain is silent about its source. Any future fix to either lane must rewrite this file. Deliberately unfixed pending a primary source for 0.35.","yes","MASTER_WEATHER_SIMULATION_REPORT_11.0.md R11-11 item 5","Local dev frontend only (prod frontend frozen at 3bd38a83). The DEFECT it pins is live wherever this tree runs."
"4","dde0421f","2026-08-09","dpritzker0905-cmd","docs(handoff): 2026-08-09-C -- the five-layer refutation, verified before writing","1","no","no","docs/handoff","New 146-line handoff recording a five-layer refutation chain, verified before being written down.","None. Docs-only, single new file.","yes","docs/research/HANDOFF-2026-08-09-C-the-five-layer-refutation.md","No runtime effect."
"5","867230c4","2026-08-09","dpritzker0905-cmd","fix(shadow-ab): INFER the guarded input from the data -- a registry that must be remembered will be forgotten","2","yes","no","backend/science-instrument","Replace the hand-maintained CANDIDATE_INPUT_DEPS registry in science_shadow_ab.py with infer_dependencies(): an input qualifies when EVERY moved row carries it AND at least one row lacking it did not move. Requires rows on both sides so a universally-present key cannot explain anything.","Offline replay harness only; not imported by any serving path. Risk is instrument-side: a wrong inference would mis-scope a flag verdict feeding an owner flip decision.","no","MASTER_WEATHER_SIMULATION_REPORT_11.0.md; FINDING-2026-08-09-an-instrument-must-not-tax-the-product.md","Runs only on workflow_dispatch (science-shadow-ab.yml). No serving effect; gates future science flag flips."
"6","a1971972","2026-08-09","dpritzker0905-cmd","feat(wrapping): land the wave_wrapping module UNVALIDATED-BY-ME, and correct the flag registry wording","3","yes","no","backend/pipeline/wave-physics","(a) Correct the SURF_EXPOSURE_RECONCILED registry text: 0.55+0.45*exposure is the HEIGHT curve (surf_transform._height_exposure_factor), not the quality curve; flipping it SHRINKS off-axis heights -46.9% at the floor. (b) Land wave_wrapping.py (489 LOC) + tests, DEFAULT OFF and wired to nothing.","HIGH LATENT. The author explicitly states he did NOT validate wave_wrapping's physics and that his own refutation of its premise (shore-normal rotation as a headland detector) may itself be measuring the wrong source. 36 green tests test the FUNCTION, not whether the input signal discriminates. Nothing imports it; SURF_WAVE_WRAPPING defaults 0.","no","backend/services/weather_pipeline/wave_wrapping.py module docstring; FINDING-2026-08-09-the-dual-floor-reconciliation.md","Deployed to prod backend (dev auto-deploys) but INERT: no caller, flag default 0. The corrected registry text IS live in the admin panel."
"7","04d06d38","2026-08-09","dpritzker0905-cmd","science(asset): the widened fetch moves NOTHING -- 40/40 entries byte-identical. Full rebuild NOT run, and here is why.","0","yes","no","backend/asset/shore-normals","EMPTY COMMIT. Records two refusals: (1) a local rebuild would read backend/.env's PHANTOM Supabase project (weewaulkwfwlbhqemxma) not production (jnfbxcvcbtndtsvscppt) and silently build from the wrong catalogue; (2) build-shore-normals.yml git-pushes the asset, so dispatching it would SHIP a new asset before anyone saw the diff.","None (0 files). The finding it records is a live operational landmine: dispatching build-shore-normals.yml is a production asset publish, and SURF_COASTAL_FROM_SHORE_NORMAL moves 18 spots +17% to +92%.","yes","MEMORY: the-two-supabase-projects-and-which-lane-reads-which-2026-08-09.md","No runtime effect (empty). Its warning gates any future shore-normal rebuild."
"8","588cc850","2026-08-09","dpritzker0905-cmd","fix(guard): register SURF_EXPOSURE_RECONCILED -- 7 consecutive SHAs were red on one missing line","1","yes","no","backend/admin/flag-registry","Add the missing _RATING_FLAGS entry for SURF_EXPOSURE_RECONCILED (default '0'). The flag-lane-parity guard had been red across 13 failures / 7 consecutive commits (2067a799, a3b21c71, d0ea7f4d, 20ffd7bb, 2c314ad6, 79d0c322, fd152d6a), all the same job and assertion.","Registry description was WRONG on landing (called it the quality curve; it is the height curve) and had to be corrected one commit later at a1971972. An unregistered science switch is invisible to the admin panel and every lane guard.","yes","backend/routes/admin/surf_forecast.py _RATING_FLAGS","Live on prod backend. Unblocked CI for both concurrent sessions."
"9","6ce0b2e2","2026-08-09","dpritzker0905-cmd","feat(asset): build_shore_normals now EMITS the land mask it always threw away -- the cape is in it","1","yes","no","backend/asset-builder","Widen FETCH_HALF_DEG 0.08 -> 0.25 (measured: 9.4x data, 0.0 s extra -- ERDDAP charges per REQUEST) and pack a 32x32 ~1.7 km land bitfield per spot into new asset keys masks/mask_n/mask_note. Fit windows are CROPPED from this box (max WINDOW_HALF_DEG ~0.045) so no fitted bearing can move.","Builder script only; the shipped shore_normals.json is UNCHANGED by this commit. Risk lands only when the build workflow is next dispatched -- see 04d06d38's two refusals. Stride stays 1, so the ocean-access test's input is unchanged.","no","backend/scripts/build_shore_normals.py header","Deployed but dormant: the asset in the tree has no masks section until a rebuild is run."
"10","5ab14fa5","2026-08-09","dpritzker0905-cmd","fix(shadow-ab): a verdict averaged over rows the flag CANNOT touch reads as ""quiet""","2","yes","no","backend/science-instrument","Add input-presence reporting to the shadow A/B: report which rows carry the guarded input and compute the level-change rate over THOSE rows. Averaging over rows lacking the input diluted a real effect to zero -- the mechanism that produced the false ""0.2%, safe to flip"" tide verdict.","Instrument-side only. If the denominator logic is wrong in the other direction it would over-report an effect and cause a premature flag flip.","no","FINDING-2026-08-09-an-instrument-must-not-tax-the-product.md","workflow_dispatch only. No serving effect; directly gates the SURF_TIDE_DEPTH owner decision."
"11","656a4570","2026-08-09","dpritzker0905-cmd","science(wrapping): the land mask is FREE -- widening the existing single fetch to +/-0.25 deg costs 0.0 s and contains the cape","0","yes","no","backend/asset/science-note","EMPTY COMMIT. Records that FETCH_HALF_DEG=0.08 (~8.9 km) excludes Cape St Francis at -34.198, and that the script header's own objection (a wide-but-COARSE window false-flagged Pipeline/Cocoa/J-Bay/Ponce as INLAND at 1.85 km cells) is about a DIFFERENT question at a different resolution.","None (0 files).","yes","backend/scripts/build_shore_normals.py header","No runtime effect (empty)."
"12","0f944c83","2026-08-09","dpritzker0905-cmd","feat(shadow-ab): make the tide question ANSWERABLE -- 0.00 -> 38.10 points of measurable effect","3","yes","no","backend/pipeline/spot_ratings + instrument","Persist water_level_m into spot_ratings' `inputs` dict (RATING_TIDE already resolved it for tide_fit; only `norm` was used and the height was dropped). Replay can now exercise SURF_TIDE_DEPTH: can_move False->True, max|delta| 0.00 -> 38.10 points. Negative control REQUEST_TELEMETRY holds at 0.00.","Adds one more key to the sampled `inputs` payload on the spot-ratings blob EVERY CLIENT DOWNLOADS -- bounded by SPOT_RATINGS_INPUTS_SAMPLE_PCT (default 5%, added at b114a9a4). Replay-only field; no rating value changes.","no","FINDING-2026-08-09-an-instrument-must-not-tax-the-product.md","Live on prod backend: the precompute now persists water_level_m on ~5% of spot-hours. 38.1 points is what was earlier reported to the owner as ""0.2%, safe to flip""."
"13","fd152d6a","2026-08-09","dpritzker0905-cmd","science(wrapping): PROVEN -- a 15s raster ingest resolves Cape St Francis, which the shipped 0.25 deg asset does not contain","1","yes","no","backend/science-probe","Add etopo15s_raster_probe.py: live-fetch NOAA ERDDAP ETOPO_2022_v1_15s.csv (HTTP 200, 20,718 B, 525 samples, 21x25 grid, 0.01667 deg ~ 1.85 km cells) and render an ASCII land/ocean map showing Cape St Francis as land with ocean on both sides.","Probe script, not imported by anything. Makes a live external HTTP request when run manually.","no","docs/research (wrapping thread)","No serving effect. Evidence input to the J-Bay wrapping question, which is currently unwired."
"14","79d0c322","2026-08-09","dpritzker0905-cmd","fix(shadow-ab): RETRACT the tide result -- the harness could not exercise the flag it declared quiet","2","yes","no","backend/science-instrument","Add a candidate_can_move() precondition so the harness REFUSES rather than reporting a null result. surf_transform.py:488 guards the tide term on `water_level_m and SURF_TIDE_DEPTH != 0`; the replay never supplied water_level_m, so flipping the flag moved the height 1.663949 -> 1.663949 (delta 0.000000).","Instrument-side. A false ""safe to flip"" verdict had already been reported to the owner -- this is the retraction. The refusal path is what 0f944c83 then made unnecessary for tide.","no","MEMORY: standing-work-rules §27 (measure or refuse)","workflow_dispatch only."
"15","2c314ad6","2026-08-09","dpritzker0905-cmd","science(wrapping): the finer asset EXISTS but is a per-spot table, not a raster -- so it cannot be ray-cast either","0","yes","no","backend/asset/science-note","EMPTY COMMIT. Records that shore_normal_asset.py's 463 m ETOPO data was consumed at BUILD time to fit a normal at each catalogue coordinate; only fitted RESULTS were retained (MATCH_RADIUS_KM=1.0). There is no queryable fine land mask.","None (0 files).","yes","backend/services/weather_pipeline/shore_normal_asset.py asset_meta()","No runtime effect (empty)."
"16","20ffd7bb","2026-08-09","dpritzker0905-cmd","fix(shadow-ab): the verdict must carry its own SCOPE -- the first real run reported none","2","yes","no","backend/science-instrument","Add a COVERAGE block (frames, models, hour offsets, span, time range) plus a NARROW warning to the report. The first real run's verdict was reported to the owner as ""one hour's frames""; the workflow's SPOT_RATINGS_PRECOMPUTE_HOURS='0,3' and MODELS='GFS,EURO,ICON' meant 3 models x 2 offsets = 6 frames over 3 hours.","Instrument-side. Prior artifacts have no coverage fields, so any earlier verdict quoted from them is unscoped.","no","MEMORY: /spot-ratings is a VIEWPORT SAMPLE -- quote the n and the frame","workflow_dispatch only."
"17","d0ea7f4d","2026-08-09","dpritzker0905-cmd","science(wrapping): PROVEN a data-resolution problem, not an algorithm problem -- Cape St Francis is not in the bathymetry asset","0","yes","no","backend/bathymetry/science-note","EMPTY COMMIT. Measures the bundled bathymetry grid at 721x1441, dlat=dlon=0.25 deg (~28 km cells); J-Bay cell (224,820) and Cape St Francis (223,819) are one diagonal cell apart, and the Cape's whole row reads ALL OCEAN.","None (0 files).","yes","backend/services/weather_pipeline/bathymetry.py","No runtime effect (empty). Constrains any future headland/wrapping term: the asset cannot see the headland."
"18","a3b21c71","2026-08-09","dpritzker0905-cmd","science(wrapping): REFUTED my own ray cast -- it measures the spot's OWN shoreline, so it is redundant with the cosine. NOT wired.","1","yes","no","backend/science-probe","Add 17 lines to shadow_ray_probe.py running the control that kills the design: casting the same ray from progressively further offshore gives land at 0 km but None at 5/20/40 km -- the obstruction is J-Bay's OWN shoreline, not Cape St Francis 35 km away. A ray from a coastal point restates cos(dtheta)<0. NOTHING WIRED.","None to production. Retracts the previous commit's (2067a799) proposed signal before it reached any serving path.","no","docs/research (wrapping thread)","No serving effect. Prevents a redundant term being added to the exposure factor."
"19","2067a799","2026-08-09","dpritzker0905-cmd","science(wrapping): the geometry signal is a land-mask RAY CAST, not shore-normal curvature -- 8/8 controls, both directions","1","yes","no","backend/science-probe","Add shadow_ray_probe.py (136 lines). Kills the shore-normal CURVATURE headland detector by measurement before building on it: over +/-5 km J-Bay rotates ~6.8 deg while New Smyrna (a STRAIGHT beach) rotates 17 deg and Mavericks 47.8 deg -- the straight beach rotates more than the wrapping point.","Probe only, nothing wired. Its own replacement (the ray cast) was refuted one commit later at a3b21c71.","no","docs/research (wrapping thread)","No serving effect."
"20","40866137","2026-08-09","dpritzker0905-cmd","docs(handoff): the instrument session -- what shipped, four owner decisions, and five things I got wrong","1","no","no","docs/handoff","New 97-line handoff: what shipped in the instrument session, four decisions escalated to the owner, five recorded self-corrections.","None. Docs-only, single new file.","yes","docs/research/HANDOFF-2026-08-09-C-the-instrument-session.md","No runtime effect."
"21","668548be","2026-08-09","dpritzker0905-cmd","test(radar): pin the three-way unit mismatch -- and REFUSE to invent the numbers that would hide it","1","yes","no","frontend/map/legend-units","Add radarLegendUnits.proof.test.js pinning that the raster is RainViewer scheme-7 REFLECTIVITY (dBZ), the legend label says dBZ (correct), the legend stops ['0','.1','.3','.5','2+'] are rain-RATE shaped (a 0..2 axis cannot be dBZ, which runs ~5..75), and the readout prints MODEL precipitation in mm/h beside OBSERVED pixels. NO FIX.","Test-only. Deliberately a documentation assertion: it fails only if someone removes the dBZ label or the sub-5 stops WITHOUT resolving which was authoritative. Closing it requires RainViewer's scheme-7 palette spec, which is not in the repo.","yes","MASTER_WEATHER_SIMULATION_REPORT_11.0.md R11-11 item 7","Local dev frontend only. The three-way mismatch itself is live in this tree."
"22","ab547597","2026-08-09","dpritzker0905-cmd","science(exposure): the shore-normal audit REVERSES the conclusion -- J-Bay works by refraction, and the floor is standing in for it","1","no","no","docs/research","Add 43 lines to the dual-floor reconciliation finding: the shore-normal audit reverses the earlier conclusion -- J-Bay works by refraction and the 0.595 height floor is standing in for the absent refraction term at wrap-dominated points.","None. Docs-only.","yes","docs/research/FINDING-2026-08-09-the-dual-floor-reconciliation.md","No runtime effect. This is the stated reason SURF_EXPOSURE_RECONCILED ships OFF."
"23","da130c41","2026-08-09","dpritzker0905-cmd","science(exposure): reconcile the dual floor behind a kill switch -- and the symptom points the wrong way","3","yes","no","backend/pipeline/surf_transform","One line in _height_exposure_factor: under SURF_EXPOSURE_RECONCILED=1 return sqrt(exposure) instead of 0.55+0.45*exposure, making height**2 == exposure an IDENTITY at every angle (measured ratio 1.000 vs the legacy 1.000/1.055/1.471/3.540). Heights only: 0.0% head-on, -46.9% at the floor.","SHIPS OFF, deliberately: (1) the height chain was calibrated WITH 0.595 in place (gamma 0.81 + REFRACTION_KR 0.797 + H110), (2) the spectral bracket fixes the DIRECTION confidently but not the magnitude, (3) the floored rows CLUSTER -- all eight largest were J-Bay variants at an identical 9.6 ft, so one coordinate's shore normal drives them. Reach if flipped: 18.9% of 13,166 spot-hours. ⛔ SHIPPED WITHOUT ITS REGISTRY LINE -- caused 7 red SHAs, fixed at 588cc850.","no","docs/research/FINDING-2026-08-09-the-dual-floor-reconciliation.md","Live on prod backend but INERT (default '0'). Flipping it is an owner decision with a measured -46.9% tail."
"24","09c64d05","2026-08-09","dpritzker0905-cmd","test(access): prove the per-layer forecast cap is INOPERATIVE for three layers -- no behaviour changed","1","yes","no","frontend/map/layer-access","Add LayerAccessResolver.layerKeys.test.js proving resolveForecastWindow's per-layer cap never binds for exactly {rain, temperature, water_temp}: 'rain' vs capability layer 'precipitation', and temperature/water_temp have no row at all. The max then runs across every layer of the model, so ICON marine's 336 h caps ICON RAIN whose own row says 168 h -- 14 days offered for a layer carrying 7.","Test-only, NO behaviour changed: making the cap bind REDUCES the advertised window (ICON rain 14d -> 7d), a product decision. Composes with the stale-frame defect (f0c29ebb): this lets a user ASK for hours the layer lacks, the tile lane then clamps and PAINTS the last frame under the requested hour.","yes","MASTER_WEATHER_SIMULATION_REPORT_11.0.md; staleHour.proof.test.js","Local dev frontend only. The inoperative cap is live in this tree."
"25","e7d8545c","2026-08-09","dpritzker0905-cmd","science(rating): the multi-day distribution -- 13,166 spot-hours, and it says DO NOT re-cut the edges yet","1","no","no","docs/research","Add 69 lines to the rating-scale document with the multi-day served distribution (n=13,166 spot-hours) and the conclusion that the bucket edges must NOT be re-cut on this evidence.","None. Docs-only.","yes","docs/research/RATING-SCALE-2026-08-09-what-is-proper.md","No runtime effect. Blocks a tempting change to surf_rating's _BUCKETS."
"26","f9066b8d","2026-08-09","dpritzker0905-cmd","fix(loc): marineGridSeries 802 -> 799 -- rationale relocated to docs, and the truncation that hid the red","2","yes","yes","frontend/map/marine-series + LOC governance","Shrink marineGridSeries.js 802 -> 799 (the 800 ceiling; file is NOT grandfathered) by relocating the __RAW_DISABLE_SERIES_PREWARM__ rationale to a finding doc, leaving a 2-line pointer. Records that the red was missed because `loc_ratchet.py 2>&1 | tail -2` cut the verdict line above the window -- the IDENTICAL truncation defect fixed in the calibration census (822a0785) four hours earlier the same day.","Comment-only in the JS; behaviour unchanged. The process fix (check the gate BY EXIT CODE, never by eyeballing stdout) is prose, not enforced by code.","yes","docs/research/FINDING-2026-08-09-the-prewarm-is-not-the-cause.md","Local dev frontend only for the JS; the LOC gate is CI-wide and its red was blocking the sibling session's pushes."
"27","f0c29ebb","2026-08-09","dpritzker0905-cmd","fix(infobox): disclose the STALE HOUR -- the half the model-substitution notice cannot see","4","yes","no","frontend/map/model-provenance","Add describeStaleHour(): when the model does NOT swap but its axis runs out, the tile lane clamps to the last frame and paints it under the scrubber's hour. Renders 'Showing +168 h -- the furthest this model carries (you asked for +300 h)' in MapForecastOverlay, three-theme, words-not-colour. Model swap takes precedence.","⛔ THE LOAD-BEARING LINE IS A REFUSAL: gated on LIVE_FETCHED_MODELS because LayerRegistry seeds every model with bootstrap valid-times, and reading one as evidence would warn 'stale' about a model whose real axis is longer. Reads window.map/__MAP_INSTANCE__ via resolveDisplayedSlot -- absent before the map mounts. Author records THREE probe bugs of his own caught by controls.","yes","staleHour.proof.test.js; MASTER_WEATHER_SIMULATION_REPORT_11.0.md","Local dev frontend only (prod frontend frozen). The stale-frame defect it discloses is live."
"28","ecac97fc","2026-08-09","dpritzker0905-cmd","science(perf): the prewarm is NOT the cause -- the A/B refutes it, and the harness's noise floor exceeds every effect it measured","2","yes","yes","frontend/map/marine-series + diagnostics","Add the __RAW_DISABLE_SERIES_PREWARM__ kill switch to prewarmMarineSeries and LSD_FLAGS pre-boot flag injection to the live-session harness. Arm 1: disabling prewarm made panzoom 95s->138s and scrub 43s->73s (WORSE). Arm 2: the global warm off took requests 63->81 (opposite of prediction). NO prewarm behaviour changed.","⛔⛔ THE REAL FINDING INVALIDATES BOTH ARMS: the SAME config run twice differed by panzoom 48%, scrub 91%, admin bytes 3x. The control condition's variance exceeds every treatment effect. Any perf claim from live_session_diagnostic.js needs repeated runs and a stated noise floor. This commit also pushed marineGridSeries.js to 802 LOC over the 800 ceiling (fixed at f9066b8d).","yes","docs/research/FINDING-2026-08-09-the-prewarm-is-not-the-cause.md","Local dev frontend only. Kill switch default-off, so no behaviour change."
"29","a71b45d3","2026-08-09","dpritzker0905-cmd","fix(horizons): prove the undisclosed stale frame, and give the fix its discriminator","3","yes","no","frontend/map/tile-time-axis","Extract the nearest-index search from TWO inline copies in useOpenMeteoTileUrls.js into modelHorizons.closestAxisIndex (behaviour-identical: same search, same clamp), and add isBeyondAxis()/axisHorizonHours(). Proves closestAxisIndex(axis 0..168h, hour 300) == 168. A test asserts `minDiff` appears nowhere in the file and exactly 2 call sites exist.","Refactor of the LIVE tile-index selection used by every raster layer -- if the extraction were not behaviour-identical every layer would paint the wrong hour. Author verified branch-by-branch and 3/3 mutations killed. ⚠️ NOT WIRED TO ANY DISCLOSURE in this commit, deliberately (f0c29ebb does that). An UNKNOWN axis returns false/null, never 'beyond'.","yes","modelHorizons.test.js; staleHour.proof.test.js","Local dev frontend only. The saturation it proves is live behaviour of the tile lane."
"30","1738f8fc","2026-08-09","dpritzker0905-cmd","feat(diag): a live session harness -- video + console + React commits + engine state, joined per second on ONE clock","2","no","yes","frontend/diagnostics + index.html","Add live_session_diagnostic.js (373 lines) joining video, console, React commits and engine state per second on ONE clock (the two existing probes used unreconciled Date.now()/performance.now()). Also PIN react-scan to @0.5.6 in index.html and add onload/onerror so __REACT_SCAN_STATUS__ distinguishes 'CDN blocked' from 'no re-renders'.","index.html IS shipped product HTML, but the changed block is already gated to localhost/127.0.0.1 or ?reactscan=1. Pinning the CDN version could break the profiler if unpkg drops 0.5.6 -- now visible rather than silent. The harness itself is a script, not bundled.","no","docs/research/FINDING-2026-08-09-the-prewarm-is-not-the-cause.md","Local dev frontend only. The harness's noise floor (ecac97fc) means its timings cannot attribute causes on this box."
"31","8b20f2c3","2026-08-09","dpritzker0905-cmd","refactor(horizons): name the eight cross-fall cutovers -- values unchanged, drift now impossible","3","yes","no","frontend/map/model-switching","Create modelHorizons.js holding the eight cross-fall cutovers as named constants (ICON_WIND 120, EURO_WIND 228, ICON_MARINE_RASTER 168, EURO_MARINE_RASTER 240, ICON_ATMOSPHERIC 168, EURO_ATMOSPHERIC 228) and point resolveModel at them. EXTRACTION ONLY, values byte-identical. A source scan asserts every `debouncedTimeOffsetHours >` compares against a NAMED constant.","Touches resolveModel, which decides WHOSE forecast every raster layer shows -- a value change here is a product change. Records that the 216 in useTemporalPreloader/capabilities.py is a TAIL LENGTH not an hour (120+216=336) and pins ICON_ATMOSPHERIC != 216 so the next person cannot 'fix' the mismatch. Four other files still carry disagreeing copies; the preloader can warm a different model than the renderer paints.","yes","modelHorizons.test.js","Local dev frontend only. Values unchanged, so no behavioural delta."
"32","5a502dfb","2026-08-09","dpritzker0905-cmd","fix(legend): the numbers sat up to 47 points away from the colours they name (R11-11 item 3)","3","yes","no","frontend/map/legends","Create legendTicks.js (valueTicks/evenTicks/dropCollisions/tickTransform/LegendTicks) and route all SIX legend render sites through it. buildGradientCSS places colours at VALUE positions; the labels used flex justify-between (EVEN). Measured before: rain 47.1 pp, waves 20.0 pp, pressure 18.1 pp.","⚠️ Touches all THREE MapWeatherControls layouts (desktop panel, mobile collapsed, mobile expanded) -- a count caught the third. dropCollisions REMOVES ticks that would overlap (pressure 1005/1009/1013 within ~11 pp), so some legends now show fewer numbers; first and last always kept. Author's first measurement was wrong (fog/radar are overridden by static legends after the data-driven loop and were never affected).","yes","legendTicks.test.js; MASTER_WEATHER_SIMULATION_REPORT_11.0.md R11-11 item 3","Local dev frontend only."
"33","e8f04cc1","2026-08-09","dpritzker0905-cmd","fix(admin): the map editor could never move a land-flagged spot -- the override body sent lat/lng to a model requiring latitude/longitude","3","no","yes","frontend/admin/spot-editor","Extract spotMovePayload() accepting either {lat,lng} or {latitude,longitude} (uses ?? so an equatorial 0.0 latitude is not read as absent) and adminErrorMessage() surfacing 401/403 as 'Not authorised as admin'. The land-override call site sent Leaflet's {lat,lng} to SpotMoveRequest, which requires latitude/longitude -> permanent 422 before the handler ran.","Two causes, only ONE fixed. Cause 2 (a silent 401 from 15490112's dev-identity gate failing closed against the PRODUCTION backend) is deliberately NOT reverted -- it is a security fix -- and now only says its name. Reachability measured: 1 of 5 near-shore coordinates flagged by the land check. Admin surface, not the forecast chain.","no","backend/routes/surf_spots/spot_admin.py:45-48","Local dev frontend only. The 422 was permanent for any land-flagged spot; the 401 still blocks the local dev admin against prod."
"34","363f1cd2","2026-08-09","dpritzker0905-cmd","fix(infobox): fog read ""--"" on EURO/ICON while a full GFS raster was on screen (R11-11 item 4)","3","yes","no","frontend/map/model-provenance","Create modelProvenance.js and (a) sample visibility from the RENDERED slot via sampleDecodedOmValue instead of activeModel, (b) disclose the substitution in words: 'Showing GFS - ECMWF has no data for this layer or hour'. LayerRegistry pins fog to ncep_gfs025 for ALL THREE models at EVERY hour, so on EURO/ICON the card printed the literal '--' forever beside a rendered fog raster.","BOTH HALVES SHIP TOGETHER deliberately -- fixing the number alone trades 'no value' for 'a GFS value labelled ECMWF'. Reads the slot om:// URL, never a horizon constant (four independently drifted copies exist). Also fixes a pre-existing three-theme violation (the file computed only isLight, so beach rendered dark). ⚠️ NOT VERIFIED VISUALLY -- MapLibre never finishes loading its style without a compositing browser pane.","yes","modelProvenance.test.js; MASTER_WEATHER_SIMULATION_REPORT_11.0.md R11-11 item 4","Local dev frontend only. The '--' readout loss is live in this tree on EURO/ICON + fog."
"35","d35c466e","2026-08-09","dpritzker0905-cmd","fix(shadow-ab): NOT-SAMPLED is not BROKEN -- my own refusal was crying wolf","3","yes","yes","backend/science-instrument + CI workflow","Split exit 3 into two states: rows_replayable==0 AND disqualified==0 is ABSENCE (frames predate persistence, or none fell in the 5% sample) rather than BROKEN. The CI monitor had flagged the shadow A/B red twice for the author's own deliberate dispatches.","Instrument-side. The risk of the change is the inverse: a genuinely broken replay could now report as absence. Author's stated test is that the check CAN tell them apart (disqualified>0 discriminates).","no","MEMORY: a check that can't tell 'not sampled' from 'broken' must REFUSE","CI workflow only (science-shadow-ab.yml). No serving effect."
"36","b114a9a4","2026-08-09","dpritzker0905-cmd","fix(payload): sample the shadow-A/B inputs -- I nearly doubled a blob every client downloads","4","yes","no","backend/pipeline/spot_ratings","Gate the `inputs` dict behind _persist_inputs(spot_id): md5(spot_id) % 100 < SPOT_RATINGS_INPUTS_SAMPLE_PCT (default 5). Measured +137 B on a 320 B row = +42.8%, ~1.4 MB on a blob every client downloads -- nearly DOUBLE the +23% that justified interning run_time out of the same object.","⚠️ md5 NOT hash(): PYTHONHASHSEED randomises str hashing per process and >1 worker writes this blob, so hash() would give workers different samples. Consequence for the instrument: only ~5% of rows are replayable, which is exactly the 'absence' state d35c466e then had to teach the harness about.","no","docs/research/FINDING-2026-08-09-an-instrument-must-not-tax-the-product.md","Live on prod backend: the served /spot-ratings payload carries `inputs` on ~5% of rows."
"37","f40232a2","2026-08-09","dpritzker0905-cmd","docs(science): is the rating scale proper -- seven is right, the top is empty BY DESIGN, and the bucket edges are the unanchored part","1","no","no","docs/research","New 115-line document arguing the 7-level rating scale is right, the top bucket is empty by design, and the BUCKET EDGES are the unanchored part.","None. Docs-only, single new file.","yes","docs/research/RATING-SCALE-2026-08-09-what-is-proper.md","No runtime effect. Frames any future change to surf_rating's _BUCKETS."
"38","fa0ec8b1","2026-08-09","dpritzker0905-cmd","fix(E#1): retract my own reference-gap explanation -- the SIGN refutes it","2","yes","no","backend/pipeline/grid_size_climatology + instrument","Correct grid_size_climatology's module docstring (asserted one commit earlier at df7a3d73) and science_shadow_ab's REFERENCE_LANE=cell scope. A LARGER reference makes the same wave a SMALLER fraction of a good day -- verified: 1.0 m/12 s scores 33.5 at ref 1.481 and 21.9 at ref 2.164. The 46% cell-vs-spot gap predicts the band reading LOW; it reads 2.3-2.7x HIGH.","Comment/docstring only, no computation changed. The corrected record is load-bearing: it stops a future per-cell fix being credited with the reference lane's OPPOSITE-signed effect. Real cause named as PER-CELL COMPOSITION (cell geometry + wind sampled AT THE CELL vs the SPOT's); sub-term NOT isolated, so neither lane is tuned.","no","MEMORY: the-band-and-the-glyph-are-two-populations-2026-08-09.md","Live on prod backend (docstring). No behavioural delta. Queue E#1 remains open."
"39","5e920a5d","2026-08-09","dpritzker0905-cmd","fix(infobox): the ft/m toggle now reaches the cards -- and the drifted constant that hid behind five test mocks is gone","5","yes","no","frontend/map/units","Three fixes: (a) MapForecastOverlay now listens for 'rawsurf:height-unit' and threads heightUnit into compileForecastCards; (b) forecastHelpers.mToFt's local 3.281 replaced with canonical M_TO_FT 3.28084; (c) spotGlyphAriaLabel (a THIRD hardcoded copy) follows the toggle. The card compiler now IMPORTS formatHeightFromMeters instead of receiving it as a prop.","⭐ WHY IT SURVIVED: all five card test files INJECT their own mToFt at 3.28084, so the suite graded a converter it wrote; production's value was only exercised at m=1 and m=3 where both print the same string. Absent heightUnit => 'ft' so un-threaded callers keep today's output. _h() returns null (not the em-dash) so the cards' '--' no-data branches stay reachable. _hWord() spells the unit so a screen reader cannot say 'feet' beside a card reading metres.","yes","forecastCard.heightUnits.test.js; MASTER_WEATHER_SIMULATION_REPORT_11.0.md R11-11 item 6","Local dev frontend only. Changes a DISPLAYED number's precision bucket and the unit shown on the infobox cards."
"40","112d2c34","2026-08-09","dpritzker0905-cmd","science(E#1): the band over-reads the glyph 2.3-2.7x at close zoom -- measured both lanes, killed four explanations","2","yes","no","backend/science-probe + audit register","Add band_glyph_lane_sweep.py (123 lines) and record the measurement in Report 11.0. Against LIVE production, both lanes at the same coordinate and hour, bbox swept 0.08 -> 10 deg: Pipeline glyph 2.3 vs band 6.3 (2.7x), Mavericks 12.5 vs 28.3 (2.3x), Sebastian 25.4 vs 57.3 (2.3x). Four explanations killed.","Probe script + docs; no serving code. Hits the PRODUCTION backend when run. Whether the 2.3-2.7x becomes a visible colour difference depends on whether it crosses a _BUCKETS boundary -- at Sebastian it does (poor -> fair_good).","no","MASTER_WEATHER_SIMULATION_REPORT_11.0.md; MEMORY: the-band-and-the-glyph-are-two-populations","No serving effect. THE headline open defect: two surfaces disagree 2.3-2.7x on the product's core quality number."
"41","25fcb183","2026-08-09","dpritzker0905-cmd","docs(loc): relocate the dead-zone rationale to docs -- the ratchet caught my own comment at 803/800","2","yes","yes","frontend/map/marine-decisions + LOC governance","Shrink marineEngineDecisions.js 803 -> 791 by moving the dead-zone rationale added at df7a3d73 into a first-class finding doc, leaving a 6-line pointer with the one fact a reader needs in place (HI is stale; 9.5-40 deg is a dead zone).","Comment-only; resolveRatingBandFade's behaviour is unchanged and the dead zone REMAINS (owner call). The finding doc records that __RAW_RATING_SPAN_FADE_HI__=40 closes it, and that the DEAD ZONE test block asserts what ships, not what is right -- it must be rewritten in the same commit that re-tunes HI.","yes","docs/research/FINDING-2026-08-09-the-rating-band-dead-zone.md","Local dev frontend only. Spans 9.5-40 deg still paint a fully rated grid at alpha 0."
"42","df7a3d73","2026-08-09","dpritzker0905-cmd","feat(E#1): give the owner's band-vs-glyph question a measurable -- and find a rated grid painted at alpha zero","7","yes","yes","frontend/map + backend/science-instrument + CI","Add a REFERENCE_LANE=cell candidate to the shadow A/B (workflow + script + grid_size_climatology + spot_size_climatology) and add a ratingBandFade test + a STALE CALIBRATION comment to marineEngineDecisions. Discovers the DEAD ZONE: across viewport spans 9.5-40 deg the backend ships a fully RATED grid and the frontend multiplies its opacity by ZERO.","⚠️ The reference-gap explanation asserted in this commit's grid_size_climatology docstring was RETRACTED at fa0ec8b1 -- the sign refutes it. The comment it added pushed marineEngineDecisions.js to 803/800 (fixed at 25fcb183). The dead zone is NOT re-tuned: it is a visible product change over 2-degree cells and needs the owner plus a zoomlab trace.","no","docs/research/FINDING-2026-08-09-the-rating-band-dead-zone.md","Backend + workflow live; frontend local-dev only. The dead zone is a live product surface hidden across a 4x span range."
"43","c30df231","2026-08-09","dpritzker0905-cmd","test(science): shadow A/B round-trip -- the REAL producer must reproduce through the replay, and the tolerance must sit above the rounding grid","2","yes","no","backend/science-instrument","Two closures: (a) REPRODUCE_TOL 0.05 -> 0.25 because BOTH arms are quantized (compute_surf_rating rounds to 0.1; inputs round height 1e-3 m / directions 0.1 deg) so an honest row straddling one boundary differs by exactly 0.1; (b) a round-trip test driving the REAL rate_one_spot proving its persisted `inputs` reproduce its own score.","Raising the tolerance 5x weakens the disqualification gate -- 0.25 still sits 4x below any shippable drift, per the author. Producer-side mutations killed: renaming offshore_hs_m, dropping wind_ms.","no","backend/tests/test_rating_shadow_ab.py","workflow_dispatch only. No serving effect."
"44","44cc2ddd","2026-08-09","dpritzker0905-cmd","feat(science): the shadow A/B -- every flag flip to date was a gamble because nothing could replay the served population","5","yes","yes","backend/pipeline + routes + new CI workflow","Three pieces: (1) rate_one_spot persists an `inputs` dict per spot-hour; (2) science_shadow_ab.py replays each row through the SAME production functions with a per-row baseline self-check (reproduce the persisted score or be DISQUALIFIED); (3) a dispatch-only workflow with a 90d artifact. 0 replayable rows => REFUSED exit 3.","⚠️ routes/weather.py must DECLARE `inputs` on SpotRatingItem or Pydantic silently drops it (the forecast_confidence wire-contract class). The `inputs` dict initially shipped UNSAMPLED -- +42.8% on a blob every client downloads -- fixed one commit later at b114a9a4. RATING_LOCAL_SIZE=0 is handled STRUCTURALLY (reference_size_m=None), env patching is transient with restore in finally.","no","MASTER_WEATHER_SIMULATION_REPORT_11.0.md; .github/workflows/science-shadow-ab.yml","Live on prod backend (the producer half). The instrument gates every future science flag flip; it never pages."
"45","b4e9aa76","2026-08-09","dpritzker0905-cmd","docs(audit): batch-4 record -- both clocks closed, legend truth shipped, and the owner's band-vs-glyph divergence queued with evidence","1","no","no","docs/audit-register","Append 30 lines to the running action register: two clocks closed, legend truth shipped, band-vs-glyph divergence queued with evidence.","None. Docs-only (the repo-root report).","yes","MASTER_WEATHER_SIMULATION_REPORT_11.0.md","No runtime effect. This file IS the running queue (R11-01..R11-18)."
"46","6568d94b","2026-08-09","dpritzker0905-cmd","fix(legend): the wind legend described a ramp we stopped shipping -- calm read as hurricane (R11-11 item 2)","3","yes","no","frontend/map/legends","Delete the hand-maintained per-theme CSS gradient in MapWeatherControls and derive it from the shipped ramp via windLegendGradientCSS(theme)/windLegendStops(theme). The dark gradient was a BYTE-EXACT copy of the legacy 8-stop 0-50 kn DEFAULT_WIND_RAMP while DEFAULT_WIND_RAMP = DARK_WIND_RAMP (13 Beaufort stops to 75 kn) had replaced it weeks earlier.","★★★ THE CONSEQUENCE WAS AN INVERTED READING: the shipped dark ramp paints CALM as vivid magenta and magenta on the stale legend sat at the far-right HURRICANE end. Hurricane force 64-75 kn had no label at all. New ticks are at EQUAL VALUE intervals (0/15/30/45/60/75+) because the row is justify-between. Author's first test asserted a >0.35 end-separation and BEACH failed at 0.34 -- replaced with a pinned characterisation because hue wraps.","yes","frontend/src/tests/windLegendFromRamp.test.js; MASTER_WEATHER_SIMULATION_REPORT_11.0.md R11-11 item 2","Local dev frontend only. The inverted legend reading is live wherever this tree runs."
"47","dbc3c7e9","2026-08-09","dpritzker0905-cmd","fix(scheduler): sync jobs off the event loop -- the line that caused both 08-09 production outages","3","yes","yes","backend/scheduler","One line in scheduler/base.py::_run_tracked_job: the non-coroutine branch changes `coro_func()` to `await asyncio.to_thread(coro_func)`. tracked() wraps every job as a coroutine, so APScheduler's sync-dispatch executor never engaged and _periodic_l2_restore (a sync def pulling a 12.2-16.1 MB manifest behind a per-socket-READ timeout) ran INLINE ON THE LOOP.","⛔ HIGHEST-BLAST-RADIUS COMMIT IN THE WINDOW. Every scheduled sync job now runs on a worker thread: any job relying on being on the loop, or on thread-affine state, changes semantics. Conversely a worker thread has NO running loop, so the in-process ingest fallback's run_until_complete becomes legal again. The stale '~2.5MB' comment was 6.5x wrong and is corrected. Root cause pinned by boot-time arithmetic + the Render deploy ledger; production telemetry corroborated max_ms 46,622.","yes","MASTER-AUDIT-11.0 §3.2; backend/tests/test_scheduler_dispatch_offload.py","LIVE ON THE PRODUCTION BACKEND. This is the fix for two ~20-minute connection-level outages on 2026-08-09 (05:27Z and 14:05Z)."
"48","fee36d57","2026-08-09","dpritzker0905-cmd","feat(probe): a wash-coverage detector for the defect class that has no edge -- and washEngaged:false closed as benign","2","yes","no","frontend/probes","Add a wash-COVERAGE metric to probe_wind_zoomburst.js for the defect class with no edge (a viewport where the wash is simply not drawn -- neither the structural detector nor findSeams can see it). Closes washEngaged:false as BENIGN: it is __RAW_GPU__.blendBoth.engaged, which requires isRegionalBounds (span < 359), so any resident WORLD grid disengages blend-both BY DESIGN.","Probe/test only, not shipped code. Risk is a false-negative detector: a coverage metric that reports fine while the heatmap is visually cleared. Hypothesis killed twice (by source and by pixels).","no","frontend/src/tests/washCoverageMetric.test.js","No serving effect. Instruments a live user-reported symptom (heatmap clears during rapid zoom-out)."
"49","11fcebdf","2026-08-09","dpritzker0905-cmd","feat(calibration): the wind residual is finally scored -- NDBC anemometers were parsed and graded nowhere","3","yes","no","backend/pipeline/buoy-calibration","Wire compare_wind_to_model into calibrate_spots: resolve the model's WIND at the same buoy coordinates (cached per buoy beside the marine resolve), add aggregate_wind_residuals producing wind_mae_kt/wind_bias_kt/wdir_mae_deg/wind_n under the same one-buoy-one-vote dedupe. compare_wind_to_model had ZERO production callers; 0 of 417 live rows carried a wind error against 60 buoys whose wind was already in the payload.","Adds a SECOND per-buoy resolve_point call to the calibration lane -- two existing resolve-count pins were updated. KNOTS end-to-end: the recorded trap is a stray m/s conversion, pinned and mutation-killed. Additive to the report; never changes a rating. Kill BUOY_WIND_RESIDUAL=0, registered in _RATING_FLAGS in the SAME commit.","no","MASTER-AUDIT-11.0 §8#6","Live on prod backend / CI calibration lane. Wind is 0.60 of the quality blend AND a multiplicative veto, and this is its first measured residual."
"50","03bf6bc7","2026-08-09","dpritzker0905-cmd","fix(probe): the marine zoom-burst probe could not fail -- give it marine structure, refuse when blind, and never call UNKNOWN uncovered","1","yes","no","frontend/probes","Teach probe_wind_zoomburst.js marine structure: ZB_LAYER=waves sampled __WIND_ENGINE__._windData, which is empty when driving the MARINE layer, so hasAnyGrid was false on every sample, clamp could never fire, everything fell to 'cold' -- MEASURED: a full marine storm reported 'clamp samples: 0 | cold samples: 323' and printed PASS.","Probe-only. The defect class it fixes is an instrument that CANNOT FAIL on the exact defect being reported. Also records that the zoomlab staircase (2200 ms between notches) is structurally blind to mid-gesture, against the 2026-07-19 zoom-burst mandate.","no","MEMORY: zoomburst-midgesture-testing-mandate.md","No serving effect. Instruments the user-reported mid-zoom-out heatmap clear."
"51","38af7db1","2026-08-09","dpritzker0905-cmd","chore(deploy): redeploy trigger #2 -- second connection-level outage today (~14:05Z), same signature as 05:27Z","0","no","yes","ops/deploy","EMPTY COMMIT used as a redeploy lever. Records the SECOND connection-level outage of the day (HTTP 000 on all endpoints, ~2 h after the last push, Render platform all-operational) and flags the recurrence to the owner as a PATTERN, not a wedged deploy.","None (0 files) -- but pushing to dev IS a production backend deploy. The palliative was proven at 05:43Z (2.5 min to recovery). Root cause was found later the same day at dbc3c7e9.","yes","MEMORY: render-deploys-from-dev-every-push-is-a-deploy-2026-08-05.md","Triggered a real production deploy. Superseded by dbc3c7e9, which fixed the cause."
"52","589472dc","2026-08-09","dpritzker0905-cmd","fix(admin): the size-preview panel stopped answering a question that closed on 08-01","1","yes","no","backend/admin/size-preview","Replace the local_size_preview recommendation strings: 'SAFE TO FLIP'/'DO NOT FLIP' described a rollout gate, but RATING_LOCAL_SIZE has been ON in all three lanes since 3263031c (2026-08-01). Now 'YARDSTICK SANE' / 'YARDSTICK SANE -- absolute exemplar bounds out of frame (advisory)' / 'INVESTIGATE -- <verdict>'.","Prevented a false alarm: BOUNDS STALE would otherwise have rendered as 'DO NOT FLIP - BOUNDS STALE', a calibration alarm about a blob whose ordering claim is intact. Author verified 'SAFE TO FLIP'/'DO NOT FLIP' appear nowhere else in the estate, so no consumer breaks.","yes","backend/services/weather_pipeline/local_size_preview.py","Live on prod backend. Admin-panel text only; no science changed."
"53","7553bfef","2026-08-09","dpritzker0905-cmd","docs(audit): batch-3 execution record -- the scheduled lane that a by-SHA verification cannot see","1","no","no","docs/audit-register","Append 29 lines to the action register, including the observation that a by-SHA CI verification cannot see the SCHEDULED lane.","None. Docs-only.","yes","MASTER_WEATHER_SIMULATION_REPORT_11.0.md","No runtime effect. The scheduled-lane blind spot is the reason 6 consecutive census reds went unseen (822a0785)."
"54","42242bef","2026-08-09","dpritzker0905-cmd","fix(nightly): the marine optical net was grading the renderer on a sea that was never delivered -- warm, classify, refuse","3","yes","yes","CI/marine-nightly + frontend probes","Warm the backend before the run, classify findings, and REFUSE rather than fail when the data never arrived. The control pair: two runs on the SAME commit (3cf5a1ce) thirteen minutes apart gave 30 findings/FAIL (20 net::ERR_FAILED on /grid_series) vs 0 findings/PASS. Render's free tier had cold-started and keep-warm is a GitHub cron measured at 4.9-5.4% of nominal.","The estate's ONLY optical net over the marine render path had been red on most days since 08-03, so its signal had stopped meaning anything. Risk of the fix is the inverse: a REFUSE that masks a genuine renderer regression as an upstream outage.","no","frontend/src/tests/zoomlab-verdict-refusal.test.js","CI only. Restores meaning to the only optical gate on the marine renderer."
"55","822a0785","2026-08-09","dpritzker0905-cmd","fix(census): the calibration gate was paging on a p80 bound read in a p50 frame -- page on the claim that survives the percentile","4","yes","yes","backend/pipeline/size-climatology + CI census","Split the census into TWO graded claims: ORDERING (percentile-invariant, derived per pair as lo_big/hi_small) pages as INVERTED; ABSOLUTE metre bounds page only in the frame they were authored for (SANITY_EXEMPLARS_AUTHORED_PCTL=0.80) and otherwise report BOUNDS STALE. Bounds are FROZEN byte-for-byte, not widened. Kill CENSUS_STRICT_ABSOLUTE_BOUNDS=1.","⛔ The workflow had failed 6 consecutive SCHEDULED runs since 08-08T09:19Z and nobody saw it. Cause verified from git objects: d8635716 (07-29) authored the bounds at REF_PERCENTILE=0.80; e3aedb06 (07-30) moved it to 0.50 and re-authored nothing -- a p80 envelope grading a p50 population for ten days (~21% too high). A single min(lo)/max(hi) form was caught BEFORE it ran (Uluwatu's 1.0 floor sits below Florida's 1.1 ceiling -> 0.909, would pass a genuine inversion). Ordering was also reading the 2-dp DISPLAY value, carrying ~0.5% rounding into the INVERTED decision.","no","MEMORY: a-threshold-outlives-the-calibration-of-its-input-2026-08-08.md","Live on prod backend + CI. Restores a gate that was red every run and therefore unreadable."
"56","ece2c36a","2026-08-09","dpritzker0905-cmd","feat(e2e): the executed-GL pixel oracle (fixme until 3 headed greens) + handoff 2026-08-09-B","3","yes","yes","frontend/e2e","Add pngPixels.js (dependency-free PNG decode/diff that refuses unsupported shapes) and a new weather-simulation.spec.js describe: the estate's first optical-layer pin. Four live iterations established that the e2e global mock 404s the Mapbox style host so the GL custom layer NEVER ATTACHED in any prior e2e; the new describe routes the style host through, scoped.","Shipped as documented WIP that CANNOT red CI (fixme until 3 consecutive headed greens). ⛔ A CI GREEN IN THE EXECUTED-GL LANE IS A SKIP -- runners have no GL. Self-calibrated noise control and REFUSE arms everywhere it cannot measure; live-calibrated data-delta discriminator (h0->h24 = 64% of cells past a texture quantum).","no","docs/research/HANDOFF-2026-08-09-B-*.md; MEMORY: the-executed-gl-lane-and-the-engines-untestable-half","CI only, currently fixme'd. First optical pin on the GL path."
"57","bd75343b","2026-08-09","dpritzker0905-cmd","fix(wire): declare reference_size_m on SpotRatingItem -- the disclosure must survive serialisation (R11-18 follow-up)","1","yes","no","backend/routes/weather","Declare `reference_size_m: Optional[float] = None` on SpotRatingItem. Pydantic silently DROPS undeclared producer keys at this boundary, so 32bd579c's disclosure would never have reached the wire. The wire-contract guard caught it within one CI run.","Six lines, additive, Optional -- an older precomputed frame simply omits it. The class (6da4c16e / forecast_confidence) recurs: a producer field without a model declaration is invisible on the wire.","yes","MASTER_WEATHER_SIMULATION_REPORT_11.0.md R11-18","Live on prod backend. Makes the reference-generation disclosure actually observable by clients and by the parity probe."
"58","1b85a52b","2026-08-09","dpritzker0905-cmd","docs(audit): R11-18 mechanism SOLVED -- reference-generation skew, confirmed by the probe's first self-diagnosing red","1","no","no","docs/audit-register","One-line status change in the register: R11-18's mechanism is reference-generation skew, confirmed by the parity probe's first self-diagnosing red.","None. Docs-only, 1 insertion / 1 deletion.","yes","MASTER_WEATHER_SIMULATION_REPORT_11.0.md R11-18","No runtime effect."
"59","32bd579c","2026-08-09","dpritzker0905-cmd","fix(parity): the rotating composition reds were an unrecorded INPUT GENERATION -- disclose the glyph's reference, gate on shared inputs (R11-18 CLOSED)","3","yes","no","backend/pipeline/spot_ratings + sim probe","Persist reference_size_m on every rated spot-hour and gate the parity probe on shared inputs. The size reference is a MOVING input: each precompute folds new heights into the climatology, so a frame rated at build time can carry a different reference than the blob holds an hour later (Pedras Negras 1.279 at build vs 2.199 at probe time = an 18.2-point FAKE 'composition' red on identical model runs).","Adds a key to the served spot-ratings payload. Absent (not null) when the global 1.2 m curve graded -- ABSENCE IS THE LANE, so a consumer must not read missing as zero. Required the wire declaration at bd75343b to survive serialisation.","no","MASTER_WEATHER_SIMULATION_REPORT_11.0.md R11-18","Live on prod backend. Closes the mechanism behind three sessions of rotating parity reds."
"60","8301b78e","2026-08-09","dpritzker0905-cmd","fix(loc): shrink the two ratchet regressions from 086ee773 -- rationale relocated to docs, never deleted","3","yes","yes","frontend/map + LOC governance","Shrink WebGLWindEngine.js 1,111 -> 1,093 (grandfathered at 1,095) and MapWeatherControls.js 960 -> 957 by relocating three narrative rationale blocks verbatim to docs/architecture/RATIONALE-WebGLWindEngine.md with pointers left in place. Baseline untouched.","⚠️ THE SUBJECT'S SHA IS WRONG: 086ee773 touched only backend/scripts/sim_health_probe.py and cannot have grown either frontend file. The body correctly attributes the regressions to 13b772bf (R11-09 wind port) and 4a36ede7 (rain label). Comment-only in the JS -- zero behavioural delta -- but the relocated blocks carry live kill-switch names (__RAW_DISABLE_WIND_WIDEFADE__, __RAW_DISABLE_WIND_HEATMAP_SINGLEPASS__) that now live in a doc.","yes","docs/architecture/RATIONALE-WebGLWindEngine.md","Local dev frontend only. Unblocks the LOC gate for both sessions."
"61","adbdb246","2026-08-09","dpritzker0905-cmd","docs(audit): batch-2 execution record + the closed monitor-cron clock","1","no","no","docs/audit-register","One line appended to the action register recording batch-2 execution and the closed monitor-cron clock.","None. Docs-only, 1 insertion.","yes","MASTER_WEATHER_SIMULATION_REPORT_11.0.md","No runtime effect."
"62","086ee773","2026-08-09","dpritzker0905-cmd","fix(parity-probe): compare ungated-vs-ungated as the docstring always claimed, split instrument reds from composition reds, and stop printing prose into the JSON artefact (R11-18)","1","yes","no","backend/sim-parity-probe","Three defects in the gate itself: (a) it compared the sim's UNGATED score against item['score'] (the GATED served number) while its comment claimed otherwise -- now uses item['raw_score'] when present, so a gate-only level split fails the margin by construction; (b) an UNATTRIBUTED divergence now prints FAIL (INSTRUMENT) rather than paging as a measured composition break (still red); (c) the straddle note moves from stdout to stderr.","The 1.0 margin is untouched. (c) is load-bearing: the workflow redirects stdout into parity.json, and the 08-05 red run's artefact was unparseable JSON for exactly this reason. Risk: (b) could let a real composition break be dismissed as an instrument failure if attribution silently degrades.","yes","MASTER_WEATHER_SIMULATION_REPORT_11.0.md R11-18","CI parity lane. Fixes the instrument that three sessions had been reading."
"63","d8b8d35c","2026-08-09","dpritzker0905-cmd","fix(pipeline): the four worst silent excepts now say what they swallowed (R11-07/R11-13)","3","yes","yes","backend/pipeline/observability","Give four bare `except: pass` blocks a log line: surf_point's shore-normal ASSET read and human-ground-truth OVERRIDE lookup (both feed the ONE FORECAST COMPOSITION geometry and fell back to coarser sources with ZERO evidence), grid_resolver's frame-honesty stamp (a failure served a time-substituted frame CLAIMING the ask was the answer), and store's bucket-ensure latch.","All four remain NON-FATAL by design -- that contract is explicitly unchanged; only the silence is. New risk is log volume: the surf_point warnings fire per-coordinate on a failing asset read. From a census of 26 bare except-pass in the pipeline, so 22 remain silent.","yes","MASTER_WEATHER_SIMULATION_REPORT_11.0.md R11-07/R11-13","Live on prod backend. Makes silent geometry degradation of the height chain observable for the first time."
"64","4a36ede7","2026-08-09","dpritzker0905-cmd","fix(legend): the rain legend stops ARE millimetres -- stop labeling them inches (R11-11)","1","yes","no","frontend/map/legends","Change the rain legend label from 'Rain / Snow (in/h)' to '(mm/h)'. buildStops emits the precipitation breakpoints verbatim (only 'm' height scales convert) and the infobox prints mm/h -- the old label was a 25.4x misread on the same screen as the mm/h card.","Label-only, one line. Grew MapWeatherControls.js past its grandfathered ceiling (fixed at 8301b78e).","yes","MASTER_WEATHER_SIMULATION_REPORT_11.0.md R11-11","Local dev frontend only. Corrects a 25.4x unit misread."
"65","13b772bf","2026-08-09","dpritzker0905-cmd","fix(wind): port marine's device-tier pool sizing and reduced-motion damp -- two shipped invariants that never crossed the engine boundary (R11-09)","4","yes","no","frontend/map/wind-engine","Two verbatim ports from marine to wind: (a) getWindParticleRes() replaces WebGLWindLayer's one-shot `window.innerWidth < 768` (the exact bug deviceTier.js was built to kill, live-caught for marine 2026-07-02: a desktop mounted narrow kept the 4x sparser pool for the engine's lifetime); (b) prefers-reduced-motion damps particle drift to 0.15x for 147,456 wind particles.","Changes the LIVE advection speed for reduced-motion users (stableSpeedScale multiplied by _rmScale) and the particle pool size on narrow-window desktops. The heatmap (the actual data) is untouched -- only decorative motion slows. matchMedia is cached, so an OS-level change needs a reload. Grew WebGLWindEngine.js past its grandfathered ceiling (fixed at 8301b78e).","yes","MASTER_WEATHER_SIMULATION_REPORT_11.0.md R11-09; CLAUDE.md accessibility mandate","Local dev frontend only. Closes an accessibility-mandate violation on the busiest motion surface in the app."
"66","2e20122d","2026-08-09","dpritzker0905-cmd","fix(gpu): dispose stops lying to the telemetry, frees the score texture, and state isolation covers the units marine actually binds (R11-10 b/d/e)","2","yes","yes","frontend/map/gpu-lifecycle","Three fixes: (b) _residentScoreTex added to the dispose inventory -- one grid texture leaked per dispose in rating mode and a stale handle survived into the next context; (d) disposeEngine routes every delete through safeDeleteTexture so __RAW_GPU__.textureCount/gpuMemoryEstimate stop drifting upward per dispose cycle; (e) WebGLStateIsolation capture/restore widened from texture units 0-3 to 0-6.","⚠️ (e) changes what is captured and restored around EVERY marine pass -- the marine pass binds unit 4 (overlay mask) and 5/6 (ring-fill base), so marine textures were staying bound into MapLibre's frame. Widening the range costs 3 extra getParameter+bindTexture pairs per pass. safeDeleteTexture is called with engine=null so the particle-state guard cannot veto teardown; the TEX_DIMS gate keeps uncounted textures a no-op.","yes","MASTER_WEATHER_SIMULATION_REPORT_11.0.md R11-10 b/d/e","Local dev frontend only. Fixes the very telemetry (__RAW_GPU__) that OOM forensics read."
"67","e22c3692","2026-08-09","dpritzker0905-cmd","docs(audit): stamp the same-day execution record into the action register","1","no","no","docs/audit-register","Two lines appended to the action register stamping the same-day execution record.","None. Docs-only, 2 insertions.","yes","MASTER_WEATHER_SIMULATION_REPORT_11.0.md","No runtime effect."
"68","9fe18414","2026-08-09","dpritzker0905-cmd","fix(rating-mirror): port the MIN_SWELL_ENERGY_SHARE refusal the JS mirror was missing -- 64.6 points on the day partitions flip (R11-02)","2","yes","no","frontend/map/rating-mirror","Port surf_rating.py's MIN_SWELL_ENERGY_SHARE=0.50 refusal into the JS mirror surfRating.js, including the second divergence source: a dir-less swell train DILUTES the share without contributing (the old mirror dropped it entirely, so the engines disagreed on WHETHER the gate trips). Seven boundary fixtures golden-verified against the live Python engine.","⛔ The mirror's own unit test was ACTIVELY CERTIFYING the pre-refusal behaviour (fixture at share 35.7%) and had to be changed. Zero live reach today: SURF_PARTITIONS=0 serves partitions=null, so this is the release blocker for that flip, closed while dormant. ⚠️ The constant is the hardcoded 0.50 DEFAULT -- the env knob RATING_MIN_SWELL_ENERGY_SHARE has no frontend lane, so setting it non-default server-side drifts the mirror by construction.","yes","MASTER_WEATHER_SIMULATION_REPORT_11.0.md R11-02","Local dev frontend only, and DORMANT (SURF_PARTITIONS=0). Worth 64.6 points of two-sided divergence on the day partitions flip."
"69","926d6b22","2026-08-09","dpritzker0905-cmd","fix(observability): measure or refuse -- no more fabricated health, no more everything-is-rate-limited (R11-07/R11-08)","5","yes","yes","backend/routes/health + viewport service","Three fixes: (a) /admin/system/api-metrics read SystemHealthMetric, a table with NO writers, so its 'simulated healthy' branch (45 ms / 0.3% / healthy) was the ONLY branch that could execute -- now serves request_telemetry's real counters or status='not_instrumented'; (b) /api/weather/status stops asserting provider_status healthy / last_errors [] it never measured; (c) the dynamic-viewport stale fallback classifies its failure instead of stamping staleReason='upstream_rate_limited' for every class.","⚠️ WIRE CONTRACT CHANGES on two endpoints: avg_response_time_ms/error_rate_percent can now be null, stale_products_count and last_errors become None, and staleReason gains new values (upstream_cooldown / upstream_timeout / upstream_error / upstream_failed:<Class>). Any dashboard or client branching on the literal 'upstream_rate_limited' changes behaviour -- test_dynamic_viewport.py had to be updated. `hours` is echoed but the real window is process-cumulative.","yes","MASTER_WEATHER_SIMULATION_REPORT_11.0.md R11-07/R11-08","LIVE ON THE PRODUCTION BACKEND. An admin dashboard was reporting healthy API metrics during any outage; incident misattribution to rate limiting was chronic."
"70","47d249bb","2026-08-09","dpritzker0905-cmd","fix(worker): a crashed grid worker now rejects, recovers, and can no longer parse truncation into flat calm (R11-07)","2","yes","yes","frontend/map/grid-worker","Two fixes: (a) add onerror/onmessageerror to the shared GridParserWorker -- a crash stranded every pending parse promise unresolved and silently froze the pressure lane for the session; now all pending callbacks reject, the instance is nulled, and the next parse re-creates it; (b) parseWindGrid/parseMarineGrid bounds-check `offset + rows*cols` against the array length instead of coercing undefined -> 0 into a plausible FLAT-CALM grid.","(b) changes WHAT IS RENDERED for short/truncated hourly arrays: previously a fabricated flat-calm grid, now null (refusal). Any caller that treated null as 'no change' rather than 'no data' behaves differently. (a) means one crash now costs one frame instead of the session. The 'parse on main thread' fallback comment is corrected by behaviour -- there is no such parser.","yes","MASTER_WEATHER_SIMULATION_REPORT_11.0.md R11-07; the fabricated-zeros class (a44d5d23)","Local dev frontend only. The fabricated-zeros class is the same family as the CLAUDE.md offshore-Hs defect: a plausible wrong number beats an honest refusal."
"71","7312412b","2026-08-09","dpritzker0905-cmd","feat(series): run identity + upstream provenance on every grid_series frame, and a run census per response (R11-04)","2","yes","no","backend/pipeline/grid-series","Add _frame_provenance() (run_time, upstream_provider, source_dataset, estimate_basis) to all three series builders (EURO, Open-Meteo marine, generic) and a run_census block on the response (distinct_runs, min/max_run_time, mixed_runs). Series frames used to strip all four while the per-hour /grid lane served them.","Two consequences it closes: adjacent scrubber hours could mix MODEL RUNS with no disclosure (each hour resolves independently against a manifest legitimately holding two generations mid-cycle); and the frontend's model->dataset guess -- FALSIFIED for EURO 2026-08-03 -- stayed the active provenance path because frameToMarineData prefers frame.upstream_provider and it was never present. Additive fields; None where absent. run_time remains the INGEST wall-clock, NOT the model cycle.","no","MASTER_WEATHER_SIMULATION_REPORT_11.0.md R11-04","Live on prod backend. Changes which provenance path the frontend takes for every series-committed frame."
"72","f1db2900","2026-08-09","dpritzker0905-cmd","feat(telemetry): release identity on every truth/telemetry payload (R11-03)","2","yes","no","frontend/map/telemetry","Stamp BUILD_VERSION onto truthTag, every WeatherTelemetry event, and the client-diagnostics POST (riding `details` so the backend schema is unchanged). A truth event read in isolation could not distinguish 'HEAD defect' from 'stale deployment' -- the confound that invalidated a whole live session on 2026-07-12.","Additive fields only. 'dev' means a local un-stamped build, so local-dev events are indistinguishable from each other by build. The POST is the ONLY telemetry that leaves the device.","yes","MASTER_WEATHER_SIMULATION_REPORT_11.0.md R11-03","Local dev frontend only -- so in practice every stamped event currently reads 'dev' unless a real build is served."
"73","843f6e59","2026-08-09","dpritzker0905-cmd","fix(render): close the marine fallback churn loop at its three seams -- and the Promise-as-geojson poison (R11-01, R11-10a)","8","yes","yes","frontend/map/marine-render","Close an unbounded ~6 s churn loop at three seams: (1) dispose clears its OWN window.__MARINE_ENGINE__ registration (a replacement engine's survives); (2) the engine-empty backstop leg stands down while the guardrail has marine in fallback (marineFallbackSuppressesEmptyRedrive; kill __RAW_BACKSTOP_IGNORE_GUARDRAIL__); (3) cancelTruthChains gives the truth vocabulary its first deliberate terminal. Rider: the escaped-mask rebuild passed a PROMISE as setWaveData's geojson.","⛔ REINTRODUCED DEFECT: the Promise-as-geojson ALL-WATER world mask was fixed at the bridge site 2026-07-16 and a THIRD call site reintroduced it. Now structural via `asLandGeoJSON(x) = (x && Array.isArray(x.features)) ? x : null`. Seam 2 changes the backstop's healing behaviour -- if the guardrail flag is ever set spuriously, real wedges stop being healed. Seam 3 changes verdict semantics: cancelled chains no longer count as deaths.","yes","MASTER_WEATHER_SIMULATION_REPORT_11.0.md R11-01/R11-10a/R11-15","Local dev frontend only. The loop re-drove a disposed engine every ~6 s for the rest of a session while the raster fallback rendered correctly on top."
"74","0013020c","2026-08-09","dpritzker0905-cmd","feat(parity-probe): a red run now records BOTH sides' factor vectors -- the verdict alone cost three sessions","1","yes","no","backend/sim-parity-probe","On any level split, record the glyph's why/limiter/limiter_f plus the sim's limiting_factor/multipliers/blend and its input vector. The 08-09 artefact pull killed the tide hypothesis by SIGN alone but could go no further because neither side's decomposition was recorded and the weather had moved.","~1 KB per diverging row; a green run adds nothing. Margin untouched. Artefact-size risk only.","no","MASTER_WEATHER_SIMULATION_REPORT_11.0.md R11-18","CI parity lane. Makes a conditional red diagnosable without re-running the weather."
"75","512b1cb6","2026-08-09","dpritzker0905-cmd","docs(audit): Master Weather Simulation Report 11.0 -- Codex verified, invariants audited, the register that drove this session","1","no","no","docs/audit-register","Create MASTER_WEATHER_SIMULATION_REPORT_11.0.md (731 lines): the R11-01..R11-18 register, the invariant audit (including invariant 14 'No bypass around the Field Composition Engine' marked Superseded), and the composition table.","None. Docs-only, single new file at the repo root.","yes","MASTER_WEATHER_SIMULATION_REPORT_11.0.md","No runtime effect. THIS FILE IS THE RUNNING QUEUE that drove most of the other 99 commits."
"76","3cf5a1ce","2026-08-09","dpritzker0905-cmd","chore(deploy): redeploy trigger -- serve box dark ~50 min after the c9a0e9fc deploy window","0","no","yes","ops/deploy","EMPTY COMMIT used as a redeploy lever. Production backend unresponsive at the CONNECTION level (HTTP 000, zero bytes) on /, /api/health, /api/health/simple and /api/health/data from ~05:27Z; Render all-operational; both Netlify frontends healthy. The Data Health Monitor caught it within one polling cycle.","None (0 files) -- but pushing to dev IS a production backend deploy. Diagnosis space recorded as 'wedged instance/deploy', which dbc3c7e9 later CONTRADICTED (the deploy-transition theory died against the Render deploy ledger).","yes","MEMORY: render-deploys-from-dev-every-push-is-a-deploy-2026-08-05.md","Triggered a real production deploy. This is outage #1 of the two that dbc3c7e9 root-caused to the scheduler's inline sync dispatch."
"77","c9a0e9fc","2026-08-09","dpritzker0905-cmd","docs(handoff): phases 0-2 + coverage shipped -- the stability ledger, the defect ledger, and the Jacobian-ranked path","1","no","no","docs/handoff","New 103-line handoff: the stability ledger, the defect ledger, and the Jacobian-ranked path through the remaining work.","None. Docs-only, single new file.","yes","docs/research/HANDOFF-2026-08-09-phases-0-2-shipped-and-the-stability-ledger.md","No runtime effect. Named in MEMORY as the plan-first document for this arc."
"78","5ee77bcd","2026-08-09","dpritzker0905-cmd","fix(flags): register SURF_COASTAL_FROM_LAND_BIT -- the lane-parity guard caught the undeclared switch","1","yes","no","backend/admin/flag-registry","Add the missing _RATING_FLAGS entry for SURF_COASTAL_FROM_LAND_BIT (default '1'), declared beside its sibling SURF_COASTAL_FROM_SHORE_NORMAL. 4d82a13c added the science switch without declaring it, making it invisible to the admin panel and every lane guard.","Registry-only. Records a second false-green CI mechanism in one day: `gh run watch | tail -1` swallowed the watch's exit code so a RED run reported GREEN. (The first was --limit 1 racing run registration.) The same omission recurred hours later with SURF_EXPOSURE_RECONCILED (588cc850).","yes","backend/routes/admin/surf_forecast.py _RATING_FLAGS","Live on prod backend. Makes a switch that promotes 14 atoll spots to coastal visible and operable."
"79","0eac7f32","2026-08-08","dpritzker0905-cmd","chore(ci): silence the Vercel integration nobody set up -- Netlify is the host","2","no","yes","build config","Add backend/vercel.json and frontend/vercel.json each containing `{""git"": {""deploymentEnabled"": false}}` plus a $comment. A stray Vercel GitHub integration had been building two phantom projects on every push since at least 06-27, producing 6,482 failed GitHub deployments and a red check pair on every PR.","Adds vercel.json to both roots. If Vercel is ever deliberately adopted these files silently disable it. Netlify (netlify.toml) and Render untouched. The CLEAN kill is one click the repo cannot perform: uninstall the Vercel GitHub App -- still owner-gated.","yes","MEMORY: the-vercel-integration-fails-on-every-deployment-2026-08-05.md","Live in the repo. Removes 6,482-deployments' worth of noise; owner confirmed 'we never set up Vercel'."
"80","4d82a13c","2026-08-08","dpritzker0905-cmd","fix(geometry): land without a bearing -- 14 atoll spots stop serving the offshore height, 2 refuse honestly","5","yes","no","backend/pipeline/surf-geometry","Add a `land_present` asset section ([lat,lng,shoreline_km,break_depth|null]) + land_present_at() + a second promotion arm in resolve_surf_geometry: coastal=True, shore_normal_src STAYS 'none' (no bearing claimed, exposure neutral), the fitted break depth feeds the cap. 16 served spots resolved coastal=False and were publishing the OFFSHORE Hs under the surf label -- CLAUDE.md's first binding rule, live.","⛔ DIRECTLY CHANGES SERVED HEIGHTS for 14 spots: the healed spots move from dFt/dHs = 3.28084 (the metres->feet identity, i.e. NO transform ran) to 4.33 (shoaling). The 2 mis-geocoded coords (~370 m of open water) deliberately stay refused as the CONTROL -- a fix that cannot leave a spot unfixed would fabricate land. Kill SURF_COASTAL_FROM_LAND_BIT=0. ⚠️ Shipped WITHOUT its registry line (fixed at 5ee77bcd). The 1-line shore_normals.json data asset change was reviewed by --stat only.","no","MASTER-AUDIT-11.0 §3.5; backend/tests/test_surf_point_land_bit.py","LIVE ON THE PRODUCTION BACKEND. Served open-ocean census 16 -> 2. This is a real change to the user's number at 14 coordinates."
"81","5bb49478","2026-08-08","dpritzker0905-cmd","feat(coverage): four census-priced 0.25-deg regions -- 241 spots move off global forcing, cadence held at 32h by construction","6","yes","yes","backend/pipeline/coverage + CI ingest","Add four 0.25-deg regions (us_southeast_midatlantic 86, azores 57, us_northeast 53, france_biscay 45 = 241 spots) and raise WORLDWIDE_REGIONS_PER_CYCLE 2 -> 3 in BOTH workflow setters so the refresh cadence stays exactly ceil(12/3)*8 = 32 h. 979 of 1,773 served spots (55.2%) had no 0.25-deg box; uncovered drops to 738.","⛔ Add a region WITHOUT raising the divisor and the cadence silently dilutes to 48 h and the run-age census (36/72 h thresholds) starts paging -- a test now parses PER_CYCLE from both workflow files. The 2026-07-31 starvation replays are FROZEN to their incident-era population (8 regions, per_cycle=2) because stale-first ranks never-ingested first and the newcomers would have displaced the measured starved pair. Boxes deliberately edge-abut (31.0N, 37.5N, -6.0E); interior overlap is test-banned. Depends on 3eeda053 shipping first.","no","MASTER-AUDIT-11.0 (largest accuracy lever)","LIVE ON THE PRODUCTION INGEST. 241 spots move from 2-deg/10-deg global forcing to 0.25-deg (repo's own tier delta: median 21% height change)."
"82","ae0c03d5","2026-08-08","dpritzker0905-cmd","fix(ci): the sampler docstring named the knots constant -- and a docstring is AST-visible where the comment it came from was not","1","yes","yes","backend/pipeline + CI guard","Reword _make_nearest_sampler's docstring so it names no knots<->m/s digits. test_wind_unit_constant_parity strips '#' halves then scans remaining source; 7dea8ff7 moved the warning from a '#' comment into the DOCSTRING, which the scan reads -- the guard went red on the exact class it watches, one level up: a duplicated SPELLING of a constant, not a duplicated constant.","Docstring text only; the warning's CONTENT (the strict <3.0 glassy-branch flip at exactly 3.00 kt) is intact. ⭐ Also records that the push-time CI watch had grabbed the PREVIOUS run's id (--limit 1 raced registration) and reported a FALSE GREEN.","yes","backend/tests (test_wind_unit_constant_parity)","Live on prod backend. Comment-only; restores CI green."
"83","3eeda053","2026-08-08","dpritzker0905-cmd","perf(point): resolution breaks time ties -- a 10-deg product can no longer shadow a 2-deg product by manifest order","2","yes","no","backend/pipeline/point-resolution","Replace FOUR identical ranking lambdas across two selection sites (_resolve_point_internal + find_cached_grid_product) with one shared _selection_key: (time_diff, resolution, area) instead of (time_diff, area). Two GLOBAL products at the same hour tied on BOTH terms, so MANIFEST ORDER decided which answered a point.","⛔ CHANGES WHICH PRODUCT ANSWERS A POINT -- i.e. potentially every served value. Time stays primary (a closer coarse product still beats a farther fine one). Kill POINT_RES_TIEBREAK=0 restores (diff, area) byte-exactly, pinned by a test asserting the two products TIE under the kill switch. A drift-pin test makes a local ranking in either site a red build. Latent on the GFS lane today (3 live samples), structural once tiles are added -- which 5bb49478 then did.","yes","MASTER-AUDIT-11.0 resolution F7; backend/tests/test_point_tiebreak_resolution.py","LIVE ON THE PRODUCTION BACKEND. This was the explicit gate the audit put in front of the 0.25-deg coverage expansion."
"84","247d2524","2026-08-08","dpritzker0905-cmd","feat(observability): the platform can finally answer 'what fraction of requests pay this cost'","6","yes","yes","backend/middleware + health","Add services/request_telemetry.py (137 lines, pure-ASGI, no dependency) recording per-route-template latency histograms and 5xx counts, exposed on the EXISTING /api/health payload. Zero runtime telemetry existed -- no OTel, Prometheus, statsd or /metrics -- which is why ~a third of audit findings carried a 'not quantified in production' caveat.","⚠️ ADDS A MIDDLEWARE TO THE PRODUCTION ASGI STACK, added LAST so it is OUTERMOST (elapsed_ms includes GZip+CORS). Design bounds each mutation-killed: route TEMPLATE never the raw path (cardinality), MAX_ROUTES=200 folding to '(other)', fixed log-scale buckets, percentiles are bucket UPPER bounds (read high never low), a request dying before http.response.start counts as a 500 AND RE-RAISES. Kill REQUEST_TELEMETRY=0. Health exposure is try/except'd so telemetry can never cost /api/health its 200.","no","MASTER-AUDIT-11.0 §3.14","LIVE ON THE PRODUCTION BACKEND. Its max_ms=46,622 reading later corroborated the dbc3c7e9 outage root cause."
"85","add8e78f","2026-08-08","dpritzker0905-cmd","perf(routes): /conditions/batch was an unauthenticated 250x serial amplifier, and the hub's observation gate blocked the loop it shares","4","yes","yes","backend/routes + spot-conditions","Two fixes: (1) /conditions/batch replaces 250 serial DB round trips + 250 serial upstream resolutions with ONE IN-query, a 200-spot cap (mirroring /spot-ratings' le=200) with DISCLOSED truncation, and a gather under the SAME SPOT_RATINGS_CONCURRENCY env var; (2) the spot hub's observation gate runs via asyncio.to_thread -- confirmation_for does an unconditional O(N-spots) haversine scan AND, on TTL miss, a blocking requests.get(timeout=10) inside an async def.","⚠️ NEW BEHAVIOUR: requests over 200 ids are now truncated (additive `truncated_to` key, only present when it happened) where previously they were unbounded. Input order preserved and per-id error entries kept so the payload is byte-comparable with the serial route; the whitelist is untouched. The observation-gate AST guard rightly went RED (an offloaded gate is to_thread's first ARGUMENT, not an ast.Call func) and was taught the new shape with the no-call mutation re-verified killed.","yes","MASTER-AUDIT-11.0 §3.3 + §3.6","LIVE ON THE PRODUCTION BACKEND. Route was unauthenticated; 60 ids blew the Netlify proxy window."
"86","7dea8ff7","2026-08-08","dpritzker0905-cmd","perf(serving): the hub request paid 22 full manifest scans, a wasted world-frame deepcopy, and a per-cell wind scan 8.9x the loop it fed","5","yes","yes","backend/pipeline/serving-path","Three behaviour-preserving rewrites: (1) manifest_view.products_for -- a (model,domain,layer) lane index replacing three linear scans over 16,132 products (22 scans/hub request, 133 -> 8-14 ms); (2) _make_nearest_sampler -- numpy argmin replacing the per-cell pure-Python O(M) wind scan (569 -> 30 ms per 2,533-cell frame, BIT-IDENTICAL, 0/2,587 mismatches); (3) apply_surf_overlay copies what the branch MUTATES instead of deep-copying before knowing the branch (+119 ms/world-frame saved).","⛔ THE CACHE-SAFETY CONTRACT IS THE RISK: apply_surf_overlay operates on the SHARED CACHED product, and the live-proven surf=0/surf=1 cross-contamination incident is what the deepcopy existed for. Pinned in all three branches including the pre-copy exception path. ⚠️ The index key is the products LIST identity + length, NOT the manifest object -- eleven writer sites REASSIGN manifest.products and one appends in place; in-place ELEMENT replacement is declared OUT OF CONTRACT. The first design (keying on the manifest) would have served stale candidates forever.","no","MASTER-AUDIT-11.0 §3.4 + serving-perf F1","LIVE ON THE PRODUCTION BACKEND. Corrects the repo's own in-file note that blamed cold bathymetry for the warm serving cost."
"87","071ce572","2026-08-08","dpritzker0905-cmd","feat(skill): the persistence baseline -- the ledger can now say whether anyone beats 'tomorrow = today'","2","yes","no","backend/pipeline/forecast-skill","Add persistence_rows_from_report(): one row per (buoy, lead) where the forecast for now+lead IS the buoy's current observation. Zero extra requests -- the observation is already in the report the ledger receives. Dark buoys are refused (a persistence forecast from a dark buoy is a fabrication). Kill FORECAST_SKILL_PERSISTENCE=0.","Adds a 5th lane (+4,320 rows steady-state -> 21,600 vs the 30,000 cap). The headroom test's lane count is incremented IN THIS COMMIT -- the exact recount whose absence killed the ledger for four days (5e181f69). Without it the ledger's only reference was a competitor lane, which says who is better but never whether either earns its keep.","no","MASTER-AUDIT-11.0 Phase 0 (validation F6)","Live on prod backend / CI calibration lane. First absolute reference for the skill ledger."
"88","5bfea18b","2026-08-08","dpritzker0905-cmd","test(science): the height anchor lived in the saturated regime -- where every constant cancels","3","yes","yes","backend/science-anchors + CI lanes","Add test_height_anchors.py and register it in both CI lane lists. The repo's ONE exact height anchor (Pipeline 12 m/18 s = 29.50 ft) reads 29.50 under SURF_REFRACTION_KR=1.0, under SURF_HEIGHT_H110=0, and under BOTH -- at saturation the served value is the gamma*d ceiling and every pre-cap constant cancels. New non-saturated anchor: Pipeline 2 m/14 s -> shipped 10.11 ft, Kr=1.0 12.68 (+25.5%), H110=0 7.96 (-21.3%), both 9.99 (-1.2%).","⚠️ THE TRAP IS PINNED, NOT REMOVED: the validated pair nearly cancels ((1/0.797)x(1/1.27)=0.988), so a DOUBLE revert moves the anchor 0.12 ft -- 2.4x the tolerance, thin. Each single revert's delta is pinned as a discrimination control and the near-cancellation is asserted so the margin cannot silently shrink. The saturated anchor's blindness is pinned AS DESIGN -- if the cap seam ever converts-before-comparing, that test fails loudly.","no","MASTER-AUDIT-11.0 Phase 0; MEMORY: THE HEIGHT PAIR SHIPPED 08-05","CI only. Closes a hole where a one-env-var revert of the shipped refraction calibration was invisible to every value test in the tree."
"89","ce9250a2","2026-08-08","dpritzker0905-cmd","feat(monitor): the first scheduled check that can go red on a WRONG forecast","5","yes","yes","backend/monitoring + CI workflow","Add forecast_accuracy_monitor.py (264 lines) + a scheduled workflow + CI lane registration. 0 of 8 scheduled workflows could fail on a forecast-accuracy regression -- every standing alert was freshness, presence or drift -- and both permanent verification archives had ZERO automated readers.","Thresholds are MEASURED not chosen: per-run MAE distribution from the calibration lane's own Actions logs, n=37 runs 08-05..08-08 (min 0.148, p50 0.198, p90 0.241, p95 0.252, max 0.269 m) -> WARN 0.30 (observed max +11%), RED 0.40 (2x p50). ⚠️ Caveat encoded as tunables: only 3.4 boreal-summer days, and MAE is conditional on sea state -- a winter regime could page spuriously.","no","MASTER-AUDIT-11.0 §3.7","Live scheduled workflow. First alert in the estate that can page on a WRONG forecast rather than a stale one."
"90","5e181f69","2026-08-08","dpritzker0905-cmd","fix(skill): the cap kept the furthest-future rows -- so the ledger scored 0 since 08-04","3","yes","no","backend/pipeline/forecast-skill","Three changes: (1) merge_pending's cap now evicts the FURTHEST-FUTURE targets first (it did `out[-max_entries:]` after an ascending sort, evicting each row exactly as its target hour approached); (2) PENDING_MAX_ENTRIES 10,000 -> 30,000 sized from demand arithmetic (60 buoys x 4 lanes x 12 runs/day x sum(lead/24) = 17,280); (3) eviction instrumented and attach_to_report makes 'ran and scored 0' distinguishable from 'never ran' on the wire.","⛔ THE INSTRUMENT WAS DEAD FOR FOUR DAYS: production logged scored=0 on every run from 08-04T12:36Z once the 08-03 model fan-out pushed demand past the cap. The suite stayed GREEN throughout -- dedupe and expiry were pinned, eviction ORDER was not. Measured: keep-latest@10k = 0.0% scored; keep-earliest@10k = 68.3%; keep-earliest@30k = 100%. Recovery expectation: evicted_cap=0 immediately, scored>0 in ~24-30 h.","no","MASTER-AUDIT-11.0 §3.1","Live on prod backend. OPEN CLOCK in MEMORY: ledger scored>0 expected ~08-10 02-06Z."
"91","9622c56d","2026-08-08","dpritzker0905-cmd","docs(research): MASTER-AUDIT-11.0 -- the platform cannot measure itself, and 10 of 10.0's 16 gaps are fixed","1","no","no","docs/research","Create MASTER-AUDIT-11.0 (569 lines): the architecture and zero-regression assessment whose findings drive commits 79-90 and much of the 08-09 work. Headline: the platform cannot measure itself; 10 of 10.0's 16 gaps are fixed.","None. Docs-only, single new file.","yes","docs/research/MASTER-AUDIT-11.0-2026-08-08-*.md","No runtime effect. The upstream source for §3.1-§3.14 cited across this window."
"92","1e37b003","2026-08-08","dpritzker0905-cmd","science(registry): the Jacobian picked the blend weights -- and their citation was in a commit message","4","yes","no","backend/science-registry","Register W_WIND=0.60 and W_PERIOD=0.40 as a CONSTRAINED PAIR (sum pinned by test) after ranking all 31 grandfathered DEBT constants by Jacobian over 3,000 conditions: W_PERIOD reach 94.4%, W_WIND 86.7%. Also corrects the THIRD stale 'p80 good-day' comment in surf_rating.py.","⚠️ THE FIRST RANKING MEASURED ITS OWN ARTEFACT: W_WIND+W_PERIOD==1, so perturbing one alone measures the NORMALISATION. Re-measured as a sum-preserving ROTATION the reach is 87.7%. And the SUM is the more dangerous quantity -- scaling both by 1.1 with the ratio unchanged moves 96.3% of cases at median 1.9 points, and NOTHING was checking it. ⭐ The citation (Espejo et al. 2014) was in the model's FIRST commit message (1ba30f57), not the code -- registered DERIVED with published_range=None because no source states a 0.60/0.40 split. Debt 31 -> 29.","no","backend/services/weather_pipeline/science_registry.py; MEMORY: git log -S THE HISTORY","Live on prod backend. Registry + tests only; the weights themselves are unchanged since 2026-06-28."
"93","b5afda92","2026-08-08","dpritzker0905-cmd","science(registry): register SHELF_KF_FLOOR -- and the primary source says 93%, not 90%","6","yes","no","backend/science-registry + surf_transform","Register SHELF_KF_FLOOR=0.316 with published_range=(0.265,1.0) and correct every 90% claim in code (surf_transform comment + docstring, the transform test, the admin flag description). Ardhuin et al. (2003) report a 93% max ENERGY reduction, so the source-consistent floor is sqrt(0.07)=0.265; the shipped 0.316 = sqrt(1-0.90).","⛔ THE VALUE IS UNCHANGED AT 0.316, DELIBERATELY -- being derived from 90% makes the floor 19.5% MORE conservative than the citation requires (it can only retain height, never remove more). Moving it to 0.265 would lower 30 of 1,386 spots by 16.3% and release 8 -- an OWNER call. ⚠️ 93% is a SINGLE-EVENT MAXIMUM on one shelf (NC-VA, autumn 1999), not a validated global envelope; treating it as one would repeat the GAMMA_MAX_STEEP error in the opposite direction.","no","MEMORY: gamma-max-steep-exceeds-every-field-observation-2026-08-05.md","Live on prod backend. Comment/registry only -- no served height changed. Debt 32 -> 31."
"94","5b62b13a","2026-08-08","dpritzker0905-cmd","docs(handoff): the ratchet is built, and two of its tests caught defects in themselves","1","no","no","docs/handoff","Append 83 lines (and remove 8) to the 08-08-E handoff: the registry coverage ratchet is built, and two of its own tests caught defects in themselves.","None. Docs-only.","yes","docs/runbooks/HANDOFF-2026-08-08-E-the-yardstick-was-being-replaced-underneath.md","No runtime effect."
"95","d12d363c","2026-08-08","dpritzker0905-cmd","test(science): the registry's coverage contract was prose -- implement it as a ratchet","2","yes","yes","backend/science-registry + CI ratchet","Implement science_registry's docstring claim ('the guard FAILS if a module defines a science constant that is not registered') as test_science_registry_coverage.py (304 lines): a shrink-only AST ratchet over the DECLARED forecast chain, frozen at the measured debt of 42 unregistered vs 11 registered. Proven necessary by mutation -- two planted unregistered constants, one SURF_ZONE_ROLLER_FRACTION=9.99, left the suite green.","⚠️ THE SCOPE IS DECLARED, NOT DERIVED FROM COVERAGE -- the obvious 'modules the registry mentions' scoping is circular and would put surf_rating.py (0 registered, 24 unregistered, the worst-covered module) permanently out of reach. Two tests pin both directions. Keyed by (module, name) because _HMIN_RIDEABLE_M is defined in BOTH surf_rating and spot_size_climatology. A stale-entry mutation SURVIVED its first version because it was unreachable -- rewritten.","no","backend/tests/test_science_registry_coverage.py","CI ratchet, live. Had this existed, OVERSIZE_START_MULT could not have silently outlived REF_PERCENTILE's 0.80 -> 0.50 change."
"96","580c68c5","2026-08-08","dpritzker0905-cmd","docs(handoff): the neighbours straddle the bound, so Pipeline's ERA5 value is not guessable","1","no","no","docs/handoff","Ten lines appended to the 08-08-E handoff recording that Pipeline's neighbours straddle the census bound, so its ERA5 value cannot be guessed.","None. Docs-only.","yes","docs/runbooks/HANDOFF-2026-08-08-E-the-yardstick-was-being-replaced-underneath.md","No runtime effect. Constrains the ERA5 campaign's interpretation."
"97","1f429f90","2026-08-08","dpritzker0905-cmd","docs(handoff): a fifth workflow was red, and my own headline was refuted by my own artifacts","1","no","no","docs/handoff","New 181-line handoff: a fifth workflow was red (the Calibration Census), and the author's own headline was refuted by his own artifacts.","None. Docs-only, single new file.","yes","docs/runbooks/HANDOFF-2026-08-08-E-the-yardstick-was-being-replaced-underneath.md","No runtime effect. The narrative behind 822a0785's fix."
"98","46e029f4","2026-08-08","dpritzker0905-cmd","docs(rating): tier 1 says ""p80 good-day"" -- it has been the p50 typical day since 2026-07-30","1","yes","no","backend/pipeline/surf_rating","Correct oversize_thresholds' block comment: tier 1's reference_size_m is the spot's MEDIAN (p50) breaking height, not the p80 good day. e3aedb06 moved REF_PERCENTILE 0.80 -> 0.50 and nothing re-derived OVERSIZE_START_MULT, so the taper begins at 3.5x the TYPICAL day rather than the GOOD day -- systematically earlier.","⚠️ COMMENT-ONLY, NO BEHAVIOUR CHANGE, and the defect it documents is LIVE: tier 2 (break_depth_m) is UNREACHABLE because oversize_thresholds returns on the reference before reading it and coverage is 1,821/1,821. Executed at Mavericks: 24.7 ft -> tier 1 71.7 'good' vs tier 2 97.5 'epic'; 31.0 ft -> 40.8 'poor_fair' vs 97.5 'epic' -- reproducing verbatim the outcome the paragraph above the comment says the tiering prevents. Reach TODAY is ZERO (oversize bound 0 of 338 served spots, boreal summer) -- a WINTER risk. Re-run the census in December.","yes","docs/runbooks/HANDOFF-2026-08-08-E-*.md","Live on prod backend. Comment-only, but records an unreached-until-winter defect in the oversize gate."
"99","8dc9ef20","2026-08-08","dpritzker0905-cmd","ci(census): the gate fired correctly and its explanation reached nobody","1","no","yes","CI/calibration-census","Add `|| rc=$?` to the census step. local_size_gonogo.py returns 1 on NO-GO and 2 on a crash; under Actions' default `bash -e` plus `set -o pipefail` the pipeline aborted the step ON THAT LINE, so the `if grep -q VERDICT: SANE` below it -- and the entire operator-facing `::error::` -- was unreachable dead code. Also splits exit>=2 (operator condition) from exit 1 (calibration finding).","Workflow-only. Confirmed from the other end: run 31263397122's annotations were the sibling census's warning and a bare 'Process completed with exit code 1'. The added NO-GO text names the two mechanisms that make widening a bound wrong -- the p80/p50 skew and the ERA5 step-then-freeze campaign. Validated with `bash -n` plus a YAML parse.","yes",".github/workflows/forecast-calibration-census.yml","CI only. Restores the explanation on a gate whose own text says 'Do not wait for a user report'."
"100","6b34fef7","2026-08-08","dpritzker0905-cmd","fix(census): the retained artifact is unreadable exactly when it has something to say","3","yes","yes","backend/census-scripts + CI artifacts","Move `::warning::` annotations from stdout to stderr in climatology_drift_census.py and served_freshness_census.py, and add a guard that DISCOVERS its subject from the WORKFLOWS (any script whose stdout a workflow captures into a .json artifact) rather than hard-coding a list. drift.json was invalid JSON on 13 of 25 retained runs (52%), 100% concordant with 'a warning fired'.","⛔ THE SERIES IS THE DELIVERABLE, and it was unreadable exactly when it had something to say. served_freshness_census was LATENT, not absent -- its warn condition has simply never fired. The annotation still reaches the Actions UI because the workflow runs each census twice; this costs the ARTIFACT, not the alert. sim_health_probe.py is the in-repo counter-example exercising the exemption arm, so that branch is not untested always-false code.","no","backend/tests/test_census_artifact_json_purity.py","Live on prod backend scripts + CI. Restores 90 days of retained calibration series to a parseable state going forward."
