Area,apparent_concern,covered_by,why
DEPLOYMENT + OPERATIONAL READINESS (audit spec §19) — CI/CD ,"The production Netlify frontend is 85 days / ~2,352 commits behind HEAD, so no frontend weather work reaches users",WS-CAN-0039 / WS-OBJ-104 / SOTA A18,"Re-measured by 12.1 (prod SW BUILD_VERSION 3bd38a83, dev = HEAD exactly), disposition 'Preserve but Do Not Modify', OWNER DECISION ONLY. I re-confirmed the mechanism is Netlify site config, not the repo, and did not re-open it."
DEPLOYMENT + OPERATIONAL READINESS (audit spec §19) — CI/CD ,The live Render env — the only place the ~200 weather-behaviour flags are actually set — is not in git and is unknowable,WS-CAN-0040,"'Read the production Render environment variable screen', P0-owner, one dashboard read. backend/tests/test_flag_lane_parity.py already guards the three git-visible lanes and states in its own docstring that the Render lane cannot be checked from here; check_env_parity.py:92 already annotates 'DECLARED is not MEASURED' for render.yaml. The instrument gap is owned; only the owner action is outstanding."
DEPLOYMENT + OPERATIONAL READINESS (audit spec §19) — CI/CD ,The Vercel GitHub App is still installed and produces failing deployment events,WS-CAN-0041,"frontend/vercel.json sets git.deploymentEnabled=false to silence the builds; the register row records that the noise was resolved at 0eac7f32 and the app was not uninstalled. One owner click, already tracked."
DEPLOYMENT + OPERATIONAL READINESS (audit spec §19) — CI/CD ,"There is no canary or percentage rollout, and the rollout evaluator that exists has inverted exclude precedence",WS-CAN-0044,"Register state is explicit: p2.py:556-561 target-before-exclude, 'Zero callers today. Fix before any canary is wired.' The absence of a rollout mechanism is a consequence of that, and STOP_DEFER_REJECT lists it as a dormant landmine to be fixed before any canary. I confirmed zero callers and did not re-open."
DEPLOYMENT + OPERATIONAL READINESS (audit spec §19) — CI/CD ,"Every scheduled check is delivered by GitHub cron, whose delivery has been measured at 5-32% of nominal, so a green cron history proves nothing",WS-CAN-0025 / WS-OBJ-505,"backend/scripts/uptime_probe.py was built specifically to run off GitHub with a --ping-url dead-man's switch; it grades the body (status, database, product count, calibration freshness), was proven live three ways, and is mutation-pinned by 13 tests. The single outstanding item is the owner creating one free heartbeat URL."
DEPLOYMENT + OPERATIONAL READINESS (audit spec §19) — CI/CD ,"What the user sees when the backend 5xxs — detection, disclosure and recovery on a total weather load failure",WS-CAN-0036 / WS-OBJ-103 / SOTA A14,"Graded 'PARTIAL — disclosure only', with the remaining work named as replaying the 11.2 failure injection against HEAD. The Netlify /api/* proxy is a status pass-through with a ~26 s window, so the failure reaches the client code that task already owns."
DEPLOYMENT + OPERATIONAL READINESS (audit spec §19) — CI/CD ,A running page cannot be attributed to a release,WS-CAN-0003 + SOTA 'Release identity end to end',"update-sw-version.js stamps the same git SHA into public/service-worker.js and src/buildVersion.js; /api/health embeds the 40-hex SHA in `version`; weatherTruthTracker.js:8,204 and WeatherTelemetry.js:8,282 carry `build: BUILD_VERSION`. Both deploy waits in e2e-tests.yml consume these stamps every run. This is genuinely complete and is the strongest part of the ops surface."
DEPLOYMENT + OPERATIONAL READINESS (audit spec §19) — CI/CD ,"/api/conditions/batch exceeds its budget on 100% of sampled calls, p50 ~52-59 s, on the box every push redeploys",WS-CAN-0064 / WS-OBJ-302 / SOTA A16,"Opened by 12.1 with the measurement attached. It is a capacity finding, not a deployment finding; I did not re-measure or re-report it."
DEPLOYMENT + OPERATIONAL READINESS (audit spec §19) — CI/CD ,"The E2E lane's own integrity — does it run, can it fail, does it retain evidence",WS-CAN-0059 + WS-CAN-0065 + WS-CAN-0027 / WS-OBJ-705,"CERTIFIED at 12.1 (five consecutive completed greens, 'Running 52 tests'); video:'retain-on-failure' landed at 181b7ba7; the floor hook and floor-staleness governance are WS-CAN-0065. I verified all three at HEAD in playwright.config.js and e2e-tests.yml and confirmed them closed."
DEPLOYMENT + OPERATIONAL READINESS (audit spec §19) — CI/CD ,A ChunkLoadError after a deploy leaves the user on a broken page,no register row — already mitigated in code,"frontend/src/components/routing/ErrorBoundary.js:37-58 detects ChunkLoadError / 'Loading chunk' / 'Failed to fetch dynamically imported module' and reloads once, guarded by a sessionStorage key against a reload loop, wrapping every lazy route (App.js:111-128). Recording this as covered so it is not proposed as a task; the residual is OPS-G4, which the boundary structurally cannot see."
DEPLOYMENT + OPERATIONAL READINESS (audit spec §19) — CI/CD ,"There is no remote, operator-reachable kill switch for the frontend weather layers — the flags are window/localStorage (per-browser) plus build-time REACT_APP_USE_BACKEND_*",SOTA B12,"B12's acceptance criterion is 'Every risky change has a kill switch and a control arm', which the window/localStorage/build-time triple satisfies and which the contract already marks MET as 'the program's strongest habit'. Remote operability is not in the criterion, and the operator lever that does exist — a rebuild and redeploy — is the same lever WS-CAN-0039 gates. Recording it as a scope question rather than inflating it into a gap."
PRODUCT + USER COVERAGE (audit spec §17) — what the user of ,"The radar legend's stops (0/.1/.3/.5/2+) are rain-rate shaped and cannot be dBZ, while the label says dBZ and the readout under the observed pixels is a modelled mm/h number","WS-CAN-0015 item 7 (""radar legend"") / WS-OBJ-204","Named explicitly in the seven-item batch, and frontend/src/components/map/radarLegendUnits.proof.test.js is a standing record of the three-way mismatch with a deliberate no-fix rationale (RainViewer scheme-7 thresholds are a primary source not in this repo). Nothing to add."
PRODUCT + USER COVERAGE (audit spec §17) — what the user of ,The timeline label is computed from the wall clock (new Date() + offset) rather than from the frame actually served,WS-CAN-0016 / WS-OBJ-202,"The task title is literally 'derive the scrubber label from the served frame' and its Current Files/Symbols names MapWeatherControls.js:327-331, the exact site. Noted but not raised: a SECOND site exists at MapForecastOverlay.js:637-640 (the infobox header label) and a third in the wheel's day ticks at ForecastWheel.js:181-182 — the register names one of three, but the fix is a single display policy so this is a scope note on an existing task, not a new gap."
PRODUCT + USER COVERAGE (audit spec §17) — what the user of ,"The ft/m preference does not reach the infobox cards, so one screen can show the same wave in two units","WS-CAN-0015 item 6 (""ft/m in infobox cards"")","Named in the batch, and it has since shipped: MapForecastOverlay.js:64-69 subscribes to the 'rawsurf:height-unit' event and re-reads getHeightUnit(), with the regression documented in the source comment at :60-63."
PRODUCT + USER COVERAGE (audit spec §17) — what the user of ,The provenance class is derived from isEstimated alone and can claim AUTHORITATIVE NATIVE during a total load failure,WS-CAN-0034 / WS-OBJ-204,"Shipped and verified: TruthOverlay.js:274-286 carries seven states gated on gridVectorCount, productId, isEstimated, isSubstituted and resolutionDeg. (That this surface is diag-gated is raised separately under GAP-UX-05, which is a claim about WHERE the disclosure lives, not about the class computation.)"
PRODUCT + USER COVERAGE (audit spec §17) — what the user of ,Grid coarseness is not disclosed to the user at all,"WS-CAN-0014 (closed 172f66aa) / WS-OBJ-203, plus the shipped servedResolutionNotice.js","The disclosure exists, is silent on native tiers by design, and refuses rather than guessing on an unknown resolution. My separate finding GAP-UX-08 is a different claim — that it reads the wrong subsystem's global for non-marine layers."
PRODUCT + USER COVERAGE (audit spec §17) — what the user of ,"Confidence reads 'medium' for both degraded and full geometry, so a user cannot tell how well a spot is known",WS-CAN-0062 / WS-OBJ-207,"Opened by Audit 12.1 with LV-06 evidence (n=24 live bbox; Kennedy Space Center degraded and Cape Canaveral full both reporting medium) and a caveat on the 1,052-sampled-spot census. Fully owned."
PRODUCT + USER COVERAGE (audit spec §17) — what the user of ,A layer whose variable resolves to no colour scale paints transparent and looks like nothing-to-show,WS-CAN-0060 (closed 0f13fa7d / 2dd8f1ff / 6bef6eda) / WS-OBJ-101,"Closed with a mutation-proven class guard over every raster and marine layer, calibrated against both observed outcomes with a control test."
PRODUCT + USER COVERAGE (audit spec §17) — what the user of ,The water_temp field is buried under the basemap water fill,WS-CAN-0061 (closed f3fe2c85),Owner-confirmed live; explicitly listed as a recent closure not to be re-reported.
PRODUCT + USER COVERAGE (audit spec §17) — what the user of ,TruthOverlay's `fps || 60` fabricates a healthy frame rate on the only client-to-server transport,"WS-CAN-0010 + WS-CAN-0063 (closed 69ac3ddb, 172f66aa) / WS-OBJ-506","Both measure-or-refuse tasks closed, including the second site the earlier audit missed."
PRODUCT + USER COVERAGE (audit spec §17) — what the user of ,"/conditions/* returns HTTP 200 with an error body and leaks str(e), so a client cannot tell a failure on the wire",WS-CAN-0009 / WS-OBJ-103,"Named at HEAD with exact sites (backend/routes/surf_data/conditions.py:94,172,176,212,216,270,274,327,331), and 12.1 already scoped it together with WS-CAN-0064."
PRODUCT + USER COVERAGE (audit spec §17) — what the user of ,The wind legend is a hand-maintained CSS duplicate that drifted from the shader ramp (calm reading as hurricane),"WS-CAN-0015 item 2, shipped at 6568d94b","MapWeatherControls.js:232-239 now derives the gradient and stops from WindColorRamp.windLegendGradientCSS/windLegendStops, guarded by tests/windLegendFromRamp.test.js. My GAP-UX-01 is the same class surviving on the two temperature legends, which the batch does not enumerate."
PRODUCT + USER COVERAGE (audit spec §17) — what the user of ,"Legend tick labels are evenly spaced while the colour stops are value-positioned, putting rain's '6' 47 pp from its own colour","WS-CAN-0015 item 3 (""equal-value ticks""), shipped",legendTicks.js valueTicks/dropCollisions/tickTransform + legendTicks.test.js. My GAP-UX-06 is the one legend deliberately exempted from that fix.
PRODUCT + USER COVERAGE (audit spec §17) — what the user of ,"The rating glyph conveys its rating by colour only, with the 'why' card mouse-only","the 2026-07-14 mandate work, shipped","MapMarkerLayers.js:24-45 spotGlyphAriaLabel gives every marker a full text equivalent (name, level, height, period, tide), onFocus mirrors onMouseEnter, and MapMarkerLayers.a11y.test.js guards it. GAP-UX-07 is the colour-VISION half, a different population that a text equivalent does not serve."
PRODUCT + USER COVERAGE (audit spec §17) — what the user of ,Icon-only map controls (camera / users / layers) have no accessible name,"shipped, guarded by controls.a11y.test.js","Two-armed test — a rendered arm and a source arm that catches labels supplied only by a breakpoint-hidden span, which a jsdom name query is structurally blind to. Exemplary; it is the pattern MapWeatherControls should be held to."
PRODUCT + USER COVERAGE (audit spec §17) — what the user of ,Dragging the scrubber makes every backend-fed layer jank,shipped (cb074b8b commit decimation) and extended by ForecastWheel.wheelDragCommitDue,"11 Hz commit throttle with leading + trailing commits and an exact final commit on release, plus a documented kill switch __RAW_SCRUB_COMMIT_THROTTLE_MS__; the derivation is recorded in ForecastWheel.js:64-99."
PRODUCT + USER COVERAGE (audit spec §17) — what the user of ,The wheel announces a bare number with no unit until the user interacts with it,shipped,"wheelValueText is now declared in the JSX at ForecastWheel.js:338 as well as in the imperative setAria, so aria-valuetext is correct from first paint; ForecastWheel.valuetext.test.js guards it."
PRODUCT + USER COVERAGE (audit spec §17) — what the user of ,"A model substitution or an axis clamp is invisible, so the header claims a provenance that is false",WS-CAN-0015 item 4 and the shipped modelProvenance.js,"describeSubstitution and describeStaleHour both render plain words (never colour alone), name the actual hour, read the rendered slot URL rather than a drifted horizon constant, and refuse on bootstrap axes. Guarded by modelProvenance.test.js and staleHour.proof.test.js."
PRODUCT + USER COVERAGE (audit spec §17) — what the user of ,"There is no user-visible sign that an activated raster is still fetching, so a slow cold edge reads as broken",shipped (2026-07-11 activation-latency affordance),"useOpenMeteoTileUrls.js:707-755 polls the target slot and MapWeatherControls.js:745-751 renders a real spinner plus aria-busy and an sr-only '(loading)' — motion, not colour, carries the meaning. GAP-UX-05 is about the ERROR terminus of that same state machine, not the loading state."
PERFORMANCE + CAPACITY + STORAGE + COST (audit spec §23),No sustained-load or per-route p50/p99-under-load measurement exists anywhere; there is no load-testing tool in the repo,WS-OBJ-302 + SOTA B3 + 11.0 OPEN_QUESTIONS_AND_BLOCKERS.md B-09,"WS-OBJ-302's Required Closure Evidence is verbatim 'A sustained-load p50/p99 per route'; SOTA B3's criterion is 'Per-route p50/p99 under sustained load, with a stated envelope', status 'cumulative telemetry only'. Production load testing is also explicitly PROHIBITED by the audit series' own scope (11.0 §6 'no load test was run against production', 11.2 §4, 12.0 AUDIT_EXECUTION_COMPLIANCE_LEDGER.csv:31). Registered and deliberately deferred, not a blind spot."
PERFORMANCE + CAPACITY + STORAGE + COST (audit spec §23),Peak RSS has only ever been read on short windows; 87.0% vs 60.7% across two audits is not a trend,WS-OBJ-303,"The register row already says it: Current Blocker 'short measurement windows only', Notes '87.0% at 12.0 vs 60.7% here - different traffic not proof', Recommended Next Action 'Measure under load before concluding', Confidence Low. LV-07 §2 repeats the caution."
PERFORMANCE + CAPACITY + STORAGE + COST (audit spec §23),/api/conditions/batch runs at a ~1-minute median and 100% of sampled calls exceed 10 s,WS-CAN-0064 / WS-OBJ-302 / SOTA A16,"Opened by Audit 12.1 from LV-07 with two independent readings. Only the client-timeout relationship is new, returned separately as PERF-G-04 with disposition Expand Existing Task."
PERFORMANCE + CAPACITY + STORAGE + COST (audit spec §23),"/conditions/* returns HTTP 200 with an error body and leaks str(e), including inside the batch handler at conditions.py:94",WS-CAN-0009,"Nine 200-with-error sites, four returning raw str(e), tracked at HEAD; 12.1's note already scopes it together with WS-CAN-0064 as one visit to the same file."
PERFORMANCE + CAPACITY + STORAGE + COST (audit spec §23),"Frame rate is unmeasurable, so no rendering-performance claim can be graded",WS-CAN-0037 + WS-OBJ-503 + SOTA B4,All FPS readings in the program are retracted; the harness is scoped and its blocker (WS-CAN-0027) is now closed. Reporting it again would be re-reporting a known open task.
PERFORMANCE + CAPACITY + STORAGE + COST (audit spec §23),A WeatherTelemetry RAF loop runs on every screen forever with no cancelAnimationFrame,WS-CAN-0022 + WS-OBJ-301 + SOTA A11,Confirmed live at 12.1 (LV-04: __RAW_GPU__.activeRafCount = 1 with activeLayers = []). Tracked with a named repair.
PERFORMANCE + CAPACITY + STORAGE + COST (audit spec §23),The ocean-mask classifier costs ~27% of panning and a settle-debounce exists but is off,WS-CAN-0032,"Implemented in shadow mode at marineMaskShelter.js:269-282, DEFAULT-OFF by its author's explicit instruction, disposition 'Preserve but Do Not Modify' pending a human looking at a pan."
PERFORMANCE + CAPACITY + STORAGE + COST (audit spec §23),"Particle advection is not dt-normalized, so motion speed is hardware-dependent",WS-CAN-0011,"Tracked at WebGLWindEngine.js:540-544 and WebGLMarineEngine.js:2166, deferred behind WS-CAN-0037 because no before/after could be graded without a frame harness."
PERFORMANCE + CAPACITY + STORAGE + COST (audit spec §23),WebGPU / OffscreenCanvas / SharedArrayBuffer would relieve the render path,WS-CAN-0050 + SOTA C7,Deferred three consecutive audits; explicitly blocked on a MEASURED bottleneck plus WS-CAN-0037. 11.2's reason stands: adding a worker adds a fourth authority to a subsystem that already has three disagreeing ones. This audit found no measured GPU bottleneck either -- idle GPU cost is near zero per 11.0 §7.
PERFORMANCE + CAPACITY + STORAGE + COST (audit spec §23),Zarr / Kerchunk / COG / Dask would cut data-access latency and storage cost,WS-CAN-0046 + SOTA C8,Rejected three consecutive audits after being priced against what it would replace. 11.2's decisive reframe: the backend data contract is already strong; the defect is that the CLIENT discards it. Range-streamed GRIB2 off .idx already reads 0.72% of bytes vs 16.83% naive (SOTA 'already state of the art').
PERFORMANCE + CAPACITY + STORAGE + COST (audit spec §23),A worker crash can silently freeze a lane for the whole session,WS-CAN-0008,useGridWorker.js:42 onerror present at HEAD and re-create on next use at :68; only the reply-ordering test (R11-14.3) remains.
PERFORMANCE + CAPACITY + STORAGE + COST (audit spec §23),"GPU textures leak across zoom gestures (+2.63 textures and +0.88 MB per gesture, no plateau over 32 gestures)",WS-CAN-0013 + the in-source investigation at WebGLWindUtils.js:256-272,"Measured 2026-08-04 and REFUTED as a leak -- it was the accounting (18 call sites against 2 manual decrement sites). Fixed at the single function every deletion passes through, which is the only arrangement that cannot drift again. GPU memory IS accounted."
PERFORMANCE + CAPACITY + STORAGE + COST (audit spec §23),"There is only one throttled client-to-server transport, so client-side capacity state never reaches a server",WS-CAN-0020 + WS-OBJ-504 + SOTA B5,"TruthOverlay.js:141 named as the only transport; the uplink is specified and unbuilt, and its fps-fabrication prerequisite (WS-CAN-0063) is now closed."
PERFORMANCE + CAPACITY + STORAGE + COST (audit spec §23),Instrument delivery is itself unmeasured -- nothing proves /api/health is up,WS-CAN-0025 + WS-OBJ-505,"backend/scripts/uptime_probe.py is built, committed (f8825291) and proven live with three-way discrimination; it even MEASURED its own timeout from p99. One owner action (a heartbeat URL off GitHub) remains."
PERFORMANCE + CAPACITY + STORAGE + COST (audit spec §23),The backend product-cache disk size is unmeasured,/api/weather/status.cache_telemetry.disk_usage_bytes (weather.py:655-668) and /api/health.disk_product_count,"11.0 §6's 'cache storage size' NOT-MEASURED line is now STALE -- the size and file count are both measured. What is genuinely missing is a BOUND that consumes the number, returned separately as PERF-G-12."
PERFORMANCE + CAPACITY + STORAGE + COST (audit spec §23),A committed API key sits in a repo-root rules file,WS-CAN-0021 + WS-OBJ-703,"Encountered incidentally in a keyword grep (BRAIN_RULES.md and its twin .antigravityrules). Already tracked for rotation; named by file only here, value never reproduced."
SCIENTIFIC COVERAGE COMPLETENESS (audit spec §22) — what the,Grid orientation / row reversal / UV flip is never verified in both directions through the real render path,WS-CAN-0028 + WS-OBJ-102 + SOTA A5,"WS-CAN-0028 is registered Not Started / No Evidence Located with the exact scope (uniform E/W/N/S, vortex, checkerboard through the real render path); SOTA A5 records it as UNVERIFIED; WS-OBJ-102's Required Closure Evidence is verbatim this harness. Nothing to add."
SCIENTIFIC COVERAGE COMPLETENESS (audit spec §22) — what the,Multiple swell components do not enter the rating (SURF_PARTITIONS is off),WS-CAN-0052,"Registered Not Started / Defer with a named cap-seam blocker and the flip-all-lanes-together condition; project memory adds the JS-mirror precondition. The RATING half is fully covered — only the VALIDATION half survives, reported separately as SCI-G8."
SCIENTIFIC COVERAGE COMPLETENESS (audit spec §22) — what the,Tide is absent from the nearshore chain despite being the highest-reach term,WS-CAN-0053 + SOTA C2 + WS-OBJ-602,"Recorded as an OWNER decision with 18 post-12.0 commits, six tide samples and a harness proven able to see a 38.1-point move. Measured at ~19x the reach of gamma. Fully carried."
SCIENTIFIC COVERAGE COMPLETENESS (audit spec §22) — what the,We lose to persistence at +24 h — the forecast is not adding value at the lead surfers care about,WS-CAN-0026 + LV-03,"Measured, named by the live gate, and the deficit's widening (delta +0.007 -> +0.015, win 46% -> 44%) is already recorded in LV-03. The only remaining item is the owner threshold decision before 2026-08-22."
SCIENTIFIC COVERAGE COMPLETENESS (audit spec §22) — what the,"EURO and ICON are scored but the served default is still GFS, and ICON is 66-75% worse",WS-CAN-0057 + WS-OBJ-603 + LV-03 §4,The model-selection question is explicitly excluded from paging by design (raw_surf:* rows never gate) and carried as an owner investigation; the ICON datum is already recorded in LV-03.
SCIENTIFIC COVERAGE COMPLETENESS (audit spec §22) — what the,"Most served spots resolve from a coarse global grid, which the program itself calls the largest accuracy lever",WS-CAN-0058 + WS-OBJ-601 + SOTA C1,"Registered with a stated measurement precondition (per_cycle 4 vs 3 runtime split against the 200-min timeout). Distinct from validation coverage, which is why SCI-G5 is reported separately."
SCIENTIFIC COVERAGE COMPLETENESS (audit spec §22) — what the,The calibration census exemplar bounds were authored at REF_PERCENTILE=0.80 and are read in a p50 frame,WS-CAN-0042,"The instrument defect was fixed (page on the percentile-invariant ordering claim, absolute miss downgraded to BOUNDS STALE); only the owner's bound value remains, with an explicit NEVER-WIDEN condition."
SCIENTIFIC COVERAGE COMPLETENESS (audit spec §22) — what the,The close-zoom rating band and the spot glyph disagree by 2.3-2.7x,WS-CAN-0024 + WS-OBJ-602,Registered with the per-cell composition sub-term named as the unisolated cause and an explicit DO NOT TUNE EITHER LANE instruction.
SCIENTIFIC COVERAGE COMPLETENESS (audit spec §22) — what the,A truncated or corrupted product can register as authoritative — no end-to-end checksum,WS-CAN-0017 + WS-OBJ-304 + SOTA B14,"Registered Not Started with the exact evidence at HEAD (only two hashlib uses in the pipeline, neither an integrity check) and a stated starting point."
SCIENTIFIC COVERAGE COMPLETENESS (audit spec §22) — what the,"run_time carries the ingest wall clock, so no accuracy number is attributable to a model cycle",WS-CAN-0005 + WS-OBJ-202 + SOTA A2,"Re-confirmed at 12.1 with a stronger control (four geographies, three tiles, identical to the microsecond) and a staged four-step plan recorded. Materially affects provenance of the calibration report but is fully owned."
SCIENTIFIC COVERAGE COMPLETENESS (audit spec §22) — what the,The sim-parity monitor validates wiring rather than physics,WS-OBJ-201 / WS-CAN-0023 + the workflow's own header,"sim-parity-monitor.yml states in its own preamble that a structural guard cannot see a divergence in the data and that both sides come from the same model. The program already treats parity as a composition guard, not an accuracy instrument."
SCIENTIFIC COVERAGE COMPLETENESS (audit spec §22) — what the,"The owner calibration anchors are opinion, not observation, and are blind to directional change",test_owner_calibration_anchors.py's own docstring + project memory,"The file declares itself as the owner's stated judgements and not derived from physics; memory records the harness as unable to see a 47% height cut in directional terms. Known and documented, not a new finding."
SCIENTIFIC COVERAGE COMPLETENESS (audit spec §22) — what the,ERA5 is used as if it were truth in the size-climatology deepening campaign,WS-CAN-0042 + project memory (ERA5 IS NOT TRUTH: underestimates extremes 30-32%),"The census workflow already warns that a backfilled spot STEPS then FREEZES while an un-backfilled one drifts, and the step/freeze-vs-drift class is recorded. ERA5 is used for distribution SHAPE, which is the documented constraint."
SCIENTIFIC COVERAGE COMPLETENESS (audit spec §22) — what the,copernicus_validator.py is named like a scientific validator but only checks metadata strings,WS-OBJ-002 (provenance) — and it is correctly scoped,"Its docstring says 'strict contract, authenticity, and grid rules'. It is an honest contract gate; the risk is only that a reader mistakes it for accuracy validation. Recorded in the evidence file as a naming hazard, not raised as a gap."
SCIENTIFIC COVERAGE COMPLETENESS (audit spec §22) — what the,"Frame rate, fps and status surfaces fabricate values","WS-CAN-0010 + WS-CAN-0063 (both closed, 69ac3ddb + 172f66aa)",Explicitly listed as recent closures; not re-reported.
SCIENTIFIC COVERAGE COMPLETENESS (audit spec §22) — what the,The numeric resolution field is absent from point responses,"WS-CAN-0014 (closed, 172f66aa)",Explicitly listed as a recent closure; not re-reported.
OBSERVABILITY + INCIDENT READINESS (audit spec §20) — Raw Su,"No uncaught JavaScript error, unhandled promise rejection or React crash is ever reported off-device; index.js:165-207 installs window.onerror / 'error' / 'unhandledrejection' handlers that are pure SUPPRESSORS (ResizeObserver, AbortError/DOMException) with no counter and no report.",WS-CAN-0020 / WS-OBJ-504 / SOTA B5,"WS-CAN-0020's Intended Outcome is literally 'Frontend incidents stop being diagnosed by asking a user to paste console output', and an uncaught-exception reporter is inside 'client-to-server telemetry uplink (fixed cardinality)'. Reporting this separately would inflate the list. Worth carrying as a scope note on 0020 rather than a new id: the handlers actively swallow two error classes, so a future uplink inherits a silent drop unless the suppressors are given counters."
OBSERVABILITY + INCIDENT READINESS (audit spec §20) — Raw Su,"WebGL context loss, tile/network failures, texture parse failures and fallback activation are emitted as telemetry events but die in a 500-entry in-browser ring — none reaches a server.",WS-CAN-0020 / WS-OBJ-504 / SOTA B5,"These are exactly the payload of the unbuilt uplink. trackWebGLContextLost (MapWebGL.js:715), tile_failed (WeatherTelemetry.js:366), texture_encoding_failed (:429) and model_warning{fallback_active} (:175) all fire correctly; the only missing piece is egress, which is 0020's whole subject."
OBSERVABILITY + INCIDENT READINESS (audit spec §20) — Raw Su,"The uptime probe is fully built, mutation-tested and proven live but runs nowhere, so nothing pages when the service dies.",WS-CAN-0025 / WS-OBJ-505,"Re-verified at HEAD and unchanged: `grep -rn uptime_probe .github/ --include=*.yml` finds one COMMENT at ci.yml:926 and zero schedule entries (control: 9 workflows carry `schedule:`). The register already states Implementation State 'Implemented but Inactive' and the exact owner action (one free heartbeat URL, scheduled off GitHub). Nothing to add."
OBSERVABILITY + INCIDENT READINESS (audit spec §20) — Raw Su,"No pager, notifier or webhook exists for ANY of the four scheduled monitors — a red run is a GitHub email and nothing else, and all four ride the same GitHub cron whose delivery this program measured at 5-32% of nominal, so a silent monitor is indistinguishable from a green one.",WS-OBJ-505 / WS-CAN-0025,"The dead-man's-switch inversion in WS-CAN-0025 is precisely the fix for 'a monitor cannot report on its own non-delivery', and forecast-accuracy-monitor.yml's own header already names the constraint ('GitHub cron is BEST-EFFORT... this is the accuracy ANALYST, not the uptime pager'). Verified absence: `grep -rn -iE 'slack|discord|pagerduty|webhook|mailto|create-issue|peter-evans' .github/workflows/` -> 1 hit, the English word 'slack' in a CI comment at ci.yml:918."
OBSERVABILITY + INCIDENT READINESS (audit spec §20) — Raw Su,"The WeatherTelemetry FPS RAF loop starts at module import and has no cancelAnimationFrame, so a render loop runs on every screen forever.",WS-CAN-0022 / WS-OBJ-301,"Confirmed unchanged at HEAD (requestAnimationFrame at WeatherTelemetry.js:397 and :399, zero cancelAnimationFrame in the file). Already carried at the right severity. Note for the owner: the register's runtime evidence for it (LV-04 activeRafCount=1) is void per G-OBS-02, but the source-level defect is independently proven, so the task's disposition does not change."
OBSERVABILITY + INCIDENT READINESS (audit spec §20) — Raw Su,"gpuStats.fps is seeded to the literal 60 in the WeatherTelemetry constructor (:42), so before the first 1-second RAF window — or in a tab that never foregrounds and therefore never runs RAF — the uplink still carries a healthy-looking 60.",WS-CAN-0063 (closed 69ac3ddb),"The closed task's Current Files/Symbols column explicitly lists 'WeatherTelemetry.js:41-42' alongside the two sites it repaired, so the seed was in scope and knowingly left. Re-opening it would re-report a closure. Recorded here as a residual for whoever builds the uplink: `?? null` cannot distinguish an unmeasured seed from a measured 60."
OBSERVABILITY + INCIDENT READINESS (audit spec §20) — Raw Su,freshness_sec is a hardcoded 1800 on point and grid responses — a staleness flag that does not vary with staleness.,WS-CAN-0029 / WS-OBJ-202,"Re-confirmed by 12.1 LV-05 at four geographies across three tiles and two ingest paths. The remaining work (pin the true cadence with two samples, then an owner decision) is already stated."
OBSERVABILITY + INCIDENT READINESS (audit spec §20) — Raw Su,__RAW_GPU__.frameTimeHistogram is an all-zeros array in the initialiser and frame rate is not measurable from any harness.,"SOTA B4 / WS-CAN-0027 (video key, closed 181b7ba7)",My first mutation regex wrongly flagged frameTimeHistogram as dead; it is genuinely written per render at WebGLMarineEngine.js:2310-2314 via indexed increments. The real gap — that frame-time distribution is not measurable from CI — is already B4's subject and the capture harness blocker was cleared by WS-CAN-0027.
OBSERVABILITY + INCIDENT READINESS (audit spec §20) — Raw Su,"The production frontend is 85 days behind HEAD, so none of the client-side observability repairs landed this cycle (WS-CAN-0063's client half, the TruthOverlay provenance classes) are running for real users.",SOTA A18 / the owner-gated production-freeze decision,"A18 is graded FAIL with this exact reason. It materially caps the value of every client-side fix but is an owner decision, not a new finding. Note that it does NOT cap G-OBS-01: PostHog is present in the pinned build 3bd38a83 as well."
OBSERVABILITY + INCIDENT READINESS (audit spec §20) — Raw Su,"/api/health is public and unauthenticated while exposing the deploy SHA, python version, dependency digest, dependency count, scheduler job list and key-table row counts.",the surface's own design rationale (routes/health.py:30-34),"Deliberate and reasoned in-file: deps are published as a DIGEST rather than a version list precisely so drift is detectable without offering a CVE-matchable inventory, and python is major.minor only. This is a considered trade-off, not an oversight, and it is what makes the external uptime probe possible at all."
EXTERNAL DEPENDENCY + PROVIDER RISK (audit spec §18) — every,"Byte-range GRIB fetches accept a 200/206 and return r.content with no Content-Length or byte-count validation, so a truncated message could be decoded and registered",WS-CAN-0017 / WS-OBJ-304 / SOTA B14,The register row names exactly the symbols I independently landed on — '_fetch_message_bytes / store.py' — and its required closure evidence is 'A byte-count/Range validation failing on a truncated fixture'. My finding at backend/services/noaa_gfs_wave_fetcher.py:248-253 (and the identical shape in noaa_gfs_wind_fetcher.py:97-99 and noaa_gfs_pressure_fetcher.py:95-97) is the same defect at the same site. Re-reporting would be duplication.
EXTERNAL DEPENDENCY + PROVIDER RISK (audit spec §18) — every,"capabilities.py declares provider and upstream_provider as 'open-meteo' for GFS-wave, GWAM and ICON rows, even though the NOAA/DWD direct fetchers are default-ON, so /api/weather/capabilities misattributes the real upstream","SOTA A1 (MET, verified LV-05/LV-06)","Killed on evidence. normalizer.py:684-688 overrides upstream_provider from each direct fetcher's own __provider stamp on every product, and normalizer.py:662-683 documents both the 2026-07-30 measurement that motivated it and that upstream_provider is 'branched on nowhere, backend or frontend'. Consumers read the PER-RESPONSE field, not the capabilities table: marineGridSeries.js:250-254, backendWeatherServiceClientHelpers.js:173 and :284, backendCopernicusServiceClient.js:93, marineControllerExtractor.js:129. TruthOverlay.js:294-304 additionally maps source_dataset to NOAA/DWD/Copernicus/ECMWF for display and its comment names the capabilities value as a 'channel key'. The stale table value"
EXTERNAL DEPENDENCY + PROVIDER RISK (audit spec §18) — every,"Every capability row except EURO marine declares fallback_sources: [] while real Open-Meteo fallbacks exist for GFS, ICON and ECMWF, so a consumer of /capabilities cannot see that a fallback exists",capabilities.py contract validator (:607-635) and its own note at :384,"Killed as deliberate. The validator actively RAISES if a non-EURO marine row carries a non-empty fallback_sources ('non-EURO marine row must have empty fallback_sources, got N'), and :384 states 'fallback_sources stays [] — the locked contract restricts that field to EURO marine'. This is an enforced contract decision with a guard, not an omission. Reporting it would be arguing with a documented design, not finding a gap."
EXTERNAL DEPENDENCY + PROVIDER RISK (audit spec §18) — every,"None of the six GRIB fetchers mounts a urllib3 Retry or HTTPAdapter, so a transient 5xx or connection reset fails the step with no retry","Existing in-code mitigations, verified at HEAD","Killed on evidence. The failure mode is bounded four ways: _pick_cycle walks back 7 cycles / ~36 h (noaa_gfs_wave_fetcher.py:198-213); every step is wrapped in try/except with steps_ok/steps_failed accounting; a soft deadline (NOAA_FETCH_BUDGET_S default 2400, :354) returns completed steps rather than discarding them; and a minimum-hours floor (NOAA_FETCH_MIN_HOURS default 120, :601) plus backend/tests/test_noaa_coverage_floor_fires_on_failures.py make a degraded run visible. Connection cost — the real measured problem — was already fixed by _fetch_common.http_session() (480.6 -> 134.1 ms/call) and is guarded by backend/tests/test_fetcher_http_pooling.py, which fails if a fetcher reaches .ge"
EXTERNAL DEPENDENCY + PROVIDER RISK (audit spec §18) — every,"The production Netlify site is 85 days stale, so the audited weather-proxy and rvproxy code is not the code production serves",WS-CAN-0039 / WS-OBJ-104 / SOTA A18,"Already registered as P0-owner with a measurement (BUILD_VERSION 3bd38a83, 2026-08-12). I record the dependency-specific consequence in the evidence file — production is pinned to a deploy predating the RainViewer edge proxy and the current weather-proxy, so its provider mitigations are not the ones audited — but the underlying item is owned."
EXTERNAL DEPENDENCY + PROVIDER RISK (audit spec §18) — every,"Nothing in git states which environment variables the live Render service actually has, so proxy, direct-fetch and rating flags cannot be confirmed in production",WS-CAN-0040,"'Read the production Render environment variable screen', P0-owner, Blocked. render.yaml's own header proves the Blueprint is not applied (three independent checks, 2026-08-10). My GAP-DEP-03 is reported as Verify precisely because it is downstream of this task rather than a duplicate of it — 0040 is the generic instrument, GAP-DEP-03 is the specific unanswered question and the specific risk if the answer is 'unset'."
EXTERNAL DEPENDENCY + PROVIDER RISK (audit spec §18) — every,Two committed credentials remain reachable in git history,WS-CAN-0021 / WS-OBJ-703,"Cross-checked as instructed. It is scoped to BRAIN_RULES.md and to secrets-in-history. It does not cover provider terms of use, quota, cost or availability, so it does not absorb GAP-DEP-02 or GAP-DEP-04. No credential VALUE was read or reproduced in this audit; the credentialed provider paths are named by file:line only (copernicus_global_fetcher.py:240-241, store.py:230-231, mapUtils.js:153, requirements-dev.txt:69-70 for ~/.cdsapirc)."
EXTERNAL DEPENDENCY + PROVIDER RISK (audit spec §18) — every,The RainViewer radar layer depends on a free third-party CDN that rate-limits per IP,frontend/netlify/edge-functions/rvproxy.js (shipped mitigation),"Killed — this is the best-managed provider dependency in the estate and needs no task. Same-origin edge proxy so the user's IP is never the rate-limit subject; durable Netlify CDN cache (max-age=172800) so RainViewer sees roughly one request per unique tile per two days; the catalog gets a 60 s shared cache; errors are explicitly no-store so a fresh frame self-heals; and the path regex is scoped to radar tiles only, which forecloses an open proxy / SSRF. The only unmet item is the RainViewer credit, folded into GAP-DEP-04."
EXTERNAL DEPENDENCY + PROVIDER RISK (audit spec §18) — every,The backend waits 45 s on a Netlify function whose synchronous limit is 10 s,netlify.toml:29-32 (existing design note) — and killed on harm analysis,Killed. The mismatch is asymmetric in the safe direction: the function is killed first and the backend receives a 502 at roughly 10 s rather than hanging for 45. netlify.toml already carries a note (2026-07-13) recording the ~10-26 s window and instructing that the /api/weather/* function hop must not be re-added for exactly this reason. Recorded in the evidence file as context for GAP-DEP-03; not a standalone finding.
EXTERNAL DEPENDENCY + PROVIDER RISK (audit spec §18) — every,"Nominatim (OpenStreetMap) is called directly from the browser at five sites with no identifying User-Agent, against a policy that requires one and caps at 1 req/s",Out of area — not on the weather path,"Traced the consumers: useOnDemandLocation.js:45,50 is imported only by useOnDemandBooking.js:12,109 (photographer booking), and the remaining sites are LocationPicker.js:173, PreSessionConfigModal.js:30,58, SurfLog.js:184 and BookingPricingModal.js:382 — all session/booking surfaces. None is reached from the weather map or any forecast surface. Recorded in the evidence file so it is not lost, but routed out of audit spec §18."
BACKEND WEATHER PIPELINE — backend/services/weather_pipeline,coarse_gulf_fill substitutes GFS values into EURO/ICON coarse products with no provenance — it stamps neither is_estimated nor estimate_basis,Not a defect — killed by re-measurement,"My first grep used the wrong needle. The module stamps a DEDICATED field, product.coarse_fill = {'donor_model': 'GFS', 'layer': ...} at :168, guards the un-stampable case with an explicit 'PROVENANCE LOST' error branch at :173-176, and asserts the field reaches the wire via `'coarse_fill' in model_dump_json()` at :161. This is exemplary disclosure, not a gap."
BACKEND WEATHER PIPELINE — backend/services/weather_pipeline,The wind forecast_cache fallback time-shifts a stale snapshot onto current dates and could serve recycled data as a live forecast,"WS-CAN-0004 (estimate_basis serialization, Verified Current)","wind_ingestion.py:238-241 sets _cache_basis = {'type':'stale_cache_recycled','method':'time_shifted_forecast_cache','source_model':...} and threads it through normalize_and_save_loop; grid_series_helper.py:58-63 serializes estimate_basis, already receipted. The path is disclosed — and separately it cannot fire at all (CG-BE-01)."
BACKEND WEATHER PIPELINE — backend/services/weather_pipeline,"The z8/z9/z10 tier ladder (product_selection, mid_res_tier, grid_resolver, grid_resolver_selection) is a large unowned subsystem",WS-OBJ-205 + WS-CAN-0033,"WS-OBJ-205 'Deterministic product selection' names the marine fetch ladder z8/z9/z10 as its Current Architecture Owner and carries WS-CAN-0033 (Critical, Repair) with the measured non-monotonic evidence 0.64/6.8 -> 0.44/3.1 -> 0.64/6.8. The behaviour has an owner even though the module filenames are not quoted."
BACKEND WEATHER PIPELINE — backend/services/weather_pipeline,"science_registry.py is imported only by tests, so CLAUDE.md's 'constants live in science_registry.py, never a bare literal' describes something that is not a runtime authority","WS-CAN-0042 (science_registry ratchet, d12d363c)","Confirmed test-only — the only 2 production mentions are prose at surf_transform.py:159 and :301, against a positive control where surf_rating returns 5+ production files. But this is the module's documented design (docstring :14-29: the registry declares published RANGES and a test walks outward), and the ratchet already carries a WS-CAN. Recorded so it is not re-derived, not filed."
BACKEND WEATHER PIPELINE — backend/services/weather_pipeline,The 11 sim_* modules are unreachable from server.py — a whole subsystem outside the served application,WS-CAN-0006 + WS-OBJ-002; sim_forecast and sim_observed are named in the register directly,"Correct but by design: the sim is a separate MCP server process (backend/weather_sim_mcp.py), and its composition parity is graded by sim-parity-monitor.yml (cron 20 5,11,17,23) with WS-CAN-0023 Verified Current. The disclosure question that remains (does a sim answer name its model) is exactly WS-CAN-0006."
BACKEND WEATHER PIPELINE — backend/services/weather_pipeline,Which forecast job production actually runs is unknowable — ingest_marine_forecast and periodic_l2_restore are mutually exclusive on an env var not in git,"WS-CAN-0040 (read the production Render environment variable screen, P0-owner, Blocked)","scheduler/__init__.py:172 branches on DISABLE_FORECAST_SCHEDULER, and render.yaml's own header states the blueprint is NOT applied to the live service. This is precisely the one-dashboard-screen owner task already open as WS-CAN-0040."
BACKEND WEATHER PIPELINE — backend/services/weather_pipeline,/api/conditions/batch and the nine 200-with-error sites in routes/surf_data/conditions.py,WS-CAN-0064 + WS-CAN-0009 (WS-OBJ-302 / WS-OBJ-103),"Both open, both already scoped to the same file with the register explicitly recommending one visit closes both. Re-measuring was out of scope for a static inventory and would have added nothing."
BACKEND WEATHER PIPELINE — backend/services/weather_pipeline,"run_time on ingested products is the wall clock, not the model cycle, across all 28 ingest jobs",WS-CAN-0005 (WS-OBJ-202),"normalizer.py:142-144 defaults run_time to now() and no caller passes run_time=, exactly as the register's 12.1 scope finding records; the staged four-step plan is already written there. Nothing in my walk changes that analysis."
BACKEND WEATHER PIPELINE — backend/services/weather_pipeline,0.25-degree regional tile coverage and the WORLDWIDE_REGIONS_PER_CYCLE divisor spanning two workflows,WS-CAN-0058 (WS-OBJ-601),"pilot_regions (12 worldwide, rotating 3) + REGIONAL_CONFIGS (2 flagship) and the '3' in both forecast-ingest.yml:72 and forecast-ingest-pilots.yml:72 are exactly the coupled pair the task describes, with the cadence-measurement gate already specified."
BACKEND WEATHER PIPELINE — backend/services/weather_pipeline,No end-to-end integrity check on ingested products — only 2 hashlib uses in the pipeline,WS-CAN-0017 (WS-OBJ-304),"Independently re-confirmed while mapping the cache tiers: store_helpers.py's hash use is a manifest-restore SKIP optimisation (MANIFEST_RESTORE_SKIP_UNCHANGED), not a product checksum. Identical to the register's standing description; adds nothing new."
"FRONTEND STATE + LIFECYCLE + CONTROLS (React state, contexts",WeatherTelemetry runs a requestAnimationFrame loop from module import with no cancelAnimationFrame anywhere in the file,WS-CAN-0022 / WS-OBJ-301,"Named verbatim in the task's Current Files / Symbols (WeatherTelemetry.js:397-399) and already runtime-confirmed by LV-04 (activeRafCount 1 with activeLayers []). Re-verified present at HEAD (2 requestAnimationFrame, 0 cancelAnimationFrame in WeatherTelemetry.js) and deliberately not re-reported."
"FRONTEND STATE + LIFECYCLE + CONTROLS (React state, contexts","force_wind_fallback / force_marine_fallback persist a guardrail trip across reloads (MapWebGL.js:95-101,757-759)",WS-CAN-0022,'persisted force_*_fallback keys' is one of the four named residuals in the task title.
"FRONTEND STATE + LIFECYCLE + CONTROLS (React state, contexts",TruthOverlay sends a fabricated fps of 60 on the only client-to-server transport,WS-CAN-0063 (closed 69ac3ddb) / WS-OBJ-506,Verified repaired at HEAD — TruthOverlay.js:126 now reads `?? null` and TruthOverlay.fpsHonesty.test.js pins it with mutation-proven source guards. Not re-reported per the recent-closures list.
"FRONTEND STATE + LIFECYCLE + CONTROLS (React state, contexts","getSharedValidTime rounds to the nearest hour while the backend floors, so the two lanes disagree during minutes 30-59",WS-CAN-0016 / WS-OBJ-202,Verified unchanged at HEAD (backendWeatherServiceClient.js:192 Math.round(baseTime/3600000)) and correctly scoped by the existing open task. Only the task's missing DEFAULT-scrubber site is reported separately as FE-GAP-05.
"FRONTEND STATE + LIFECYCLE + CONTROLS (React state, contexts",__RAW_MARINE_ARBITER__ ships a second commit reducer dark while the branch-heavy chain stays live,"WS-CAN-0043 / WS-OBJ-402, with a proposed exit condition at RELEASE_GATE_AND_DEPENDENCY_GRAPH.md:80-90","This is the one flag the program tracks; FE-GAP-01 is about the other 24 dark opt-ins, not this one."
"FRONTEND STATE + LIFECYCLE + CONTROLS (React state, contexts",marineMaskShelter's settle-debounce ships default-OFF with a visible-behaviour risk,WS-CAN-0032,"Explicitly 'Preserve but Do Not Modify — a human must look at a pan before promotion', with a proposed exit condition in the same table."
"FRONTEND STATE + LIFECYCLE + CONTROLS (React state, contexts",The ICON >168 h blend is decided client-side at backendWeatherServiceClient.js:272,WS-CAN-0007 / WS-OBJ-206,Verified unchanged at HEAD as the unconditional per-hour path; already the third tracked dual path.
"FRONTEND STATE + LIFECYCLE + CONTROLS (React state, contexts",The om:// raster lane saturates past the end of a model's axis and paints the last frame under a later hour,"SHIPPED DISCLOSURE — modelHorizons.js:72 -> modelProvenance.js:97-116 -> MapForecastOverlay.js:248,753-761","I set out to report this and killed it: the banner text ('Showing +N h — the furthest this model carries') is rendered end to end, in words rather than colour alone, and correctly refuses on a bootstrap axis. Only the MARINE twin lacks it, which is FE-GAP-06."
"FRONTEND STATE + LIFECYCLE + CONTROLS (React state, contexts",modelHorizons exports isBeyondAxis/axisHorizonHours that look built-but-unwired (the WS-CAN-0014 shape),"modelProvenance.js:23,105-106","Killed by grep: both are imported and called by describeStaleHour, which reaches the UI. The 11.0 commit ledger entry for a71b45d3 that says 'NOT WIRED TO ANY DISCLOSURE' was true of that commit only; f0c29ebb wired it."
"FRONTEND STATE + LIFECYCLE + CONTROLS (React state, contexts",useRasterTransactions.js has 3 requestAnimationFrame and 0 cancelAnimationFrame,n/a — not a defect,"Killed by reading: all three are one-shot RAFs, and the flush path carries a stale-token guard (`if (token !== flushTokenRef.current) return;` at :131). Nothing recurs, so there is nothing to cancel."
"FRONTEND STATE + LIFECYCLE + CONTROLS (React state, contexts",prefers-reduced-motion is sampled once and cached in WebGLMarineEngine.js:2163 and WebGLWindEngine.js:535 rather than subscribed,WS-CAN-0012,"The reduced-motion port between the two engines is that task's scope, and both files carry an in-source note that OS-level changes re-evaluate on reload. ForecastWheel.js:155 re-reads per render, so the default scrubber is not affected."
"FRONTEND STATE + LIFECYCLE + CONTROLS (React state, contexts",GridParserWorker reply ordering and worker crash recovery,WS-CAN-0008 / WS-OBJ-003,useGridWorker.js:42 onerror and :68 re-create-on-next-use verified present at HEAD; the outstanding reply-ordering test is already recorded as that task's remaining work.
"FRONTEND STATE + LIFECYCLE + CONTROLS (React state, contexts",Resize / DPR handling across the map surfaces,n/a — no gap found,"Every resize listener has a matching remove (useMarineOrchestrator.js:367/391, GPUMarineLayer.js:549/556, WindParticleOverlay.js:490/496), ForecastWheel disconnects its ResizeObserver at :321, and useMapInitialization.js:50-82 tears the DPR matchMedia re-arm down on map.once('remove'). Reported as Complete rather than as a gap."
"FRONTEND STATE + LIFECYCLE + CONTROLS (React state, contexts",LayerRegistry colour-scale key coverage / water_temp blank,WS-CAN-0060 and WS-CAN-0061 (both closed),"On the recent-closures list; verified only that LAYER_REGISTRY and the plugin registry are intact at HEAD, and deliberately not re-measured."
UNKNOWN-UNKNOWN DISCOVERY (audit spec §3.4/§13) — repo-wide ,"__SURF_MODE__ is a persisted, default-OFF toggle labelled 'Surf Rating: ON/OFF'; with it OFF the marine grid URL omits &surf=1 and the heatmap paints the OFFSHORE significant wave height — the quantity CLAUDE.md forbids reporting as surf height — while the colour bands silently rescale (colorScales.js:285-365).","WS-CAN-0015 (item: 'one nearshore display policy'), WS-OBJ-204","WS-CAN-0015 is a seven-item readout-and-legend truth batch with 2 of 7 shipped, and 'one nearshore display policy' is exactly this question: which height the map means and whether the label says so. The register already records the remaining five as open. Reporting it again would duplicate an open task rather than add one."
UNKNOWN-UNKNOWN DISCOVERY (audit spec §3.4/§13) — repo-wide ,"localStorage keys force_wind_fallback / force_marine_fallback persist a disabled WebGL engine for a browser across sessions (MapWebGL.js:95,96,100,101,724,725,757-759).",WS-CAN-0022,"The task title enumerates its residuals verbatim, ending '…and persisted force_*_fallback keys'. It is Not Started, so the finding is already banked with an ID."
UNKNOWN-UNKNOWN DISCOVERY (audit spec §3.4/§13) — repo-wide ,"backendWeatherServiceClient.js:272 branches on `model === 'ICON' && hourOffset > 168` and blends client-side, so one forecast hour has two compositions.","WS-CAN-0007, WS-OBJ-206, SOTA B10","Named at the exact file and line in the register's Current Files/Symbols column, with the remaining work already specified ('serve the backend-baked estimates through the per-hour lane, or stamp identity on the blend')."
UNKNOWN-UNKNOWN DISCOVERY (audit spec §3.4/§13) — repo-wide ,"__RAW_ARBITER_LIVE__ / __RAW_ARBITER_SHADOW__ ship a pure reducer dark alongside the live branch-heavy guard chain (WebGLMarineEngine.js:163-186, marineCommitGate.js:198).","WS-CAN-0043, WS-OBJ-402",The register records it as 'Implemented but Inactive … ships dark behind a flag while the branch-heavy chain remains the live path' and prescribes reading arb_shadow_diverge before flipping. Nothing to add beyond HID-06's census point.
UNKNOWN-UNKNOWN DISCOVERY (audit spec §3.4/§13) — repo-wide ,"marineMaskShelter.js:269-282 _shelterSettleGate defers the ocean-mask classifier during a pan — a visible-behaviour change behind a performance flag, default-off.","WS-CAN-0032, WS-OBJ-402","Register: 'DEFAULT-OFF by its author's explicit instruction (""MUST NOT be promoted yet"") … A human must look at a pan before promotion.' Already carried with a stop condition."
UNKNOWN-UNKNOWN DISCOVERY (audit spec §3.4/§13) — repo-wide ,"spot_ratings.spot_confidence (:38-46) is a pure function of accuracy_flag and is_verified_peak and never reads geometry_readiness, so a degraded-geometry spot reports the same confidence as a full-geometry one.","WS-CAN-0062, WS-OBJ-207, SOTA A17","Opened by Audit 12.1 with LV-06 evidence (Kennedy Space Center degraded and Cape Canaveral full both reporting 'medium'). My HID-11 is deliberately scoped to the narrower, uncovered half: an exception that prevents the readiness input from existing at all."
UNKNOWN-UNKNOWN DISCOVERY (audit spec §3.4/§13) — repo-wide ,deviceTier.js:16 reads navigator.userAgent to size the particle pool — a browser-specific branch on the render path.,WS-CAN-0012,"Device tier is the first of the four marine invariants WS-CAN-0012 tracks porting to the wind engine, and the register records it as one of the two already ported (2e20122d..086ee773)."
UNKNOWN-UNKNOWN DISCOVERY (audit spec §3.4/§13) — repo-wide ,"frontend/e2e/weather-simulation.spec.js:541-578 holds a real readPixels oracle behind test.fixme, so a test that cannot fail occupies the pixel slot.","WS-CAN-0018 / WS-CAN-0019, WS-OBJ-502, SOTA B8",Already the named reason B8 scores partial. My HID-02 is a different instance of the same class — a guard disarmed by the test runner's own presence rather than by a fixme — and the register has no task for it.
UNKNOWN-UNKNOWN DISCOVERY (audit spec §3.4/§13) — repo-wide ,"normalizer.py:302-318 MARINE_PARTITION_RATIO_FALLBACK=1 re-enables a branch that invents a swell partition (35% of total height, direction rotated +40 degrees) — the one 'emergency' hit in the weather path.","SOTA B12 (kill-switch and control-arm discipline, MET) plus its own estimate_basis stamp","This is the house pattern working, not a gap: default-OFF, the comment records the live measurement that killed it (a phantom 0.16 m swell FROM 20.5 deg at (28,-80)), and when re-enabled every fabricated point stamps the product estimated with an explicit estimate_basis. Recording it as a finding would penalise the exact discipline the contract praises."
UNKNOWN-UNKNOWN DISCOVERY (audit spec §3.4/§13) — repo-wide ,"modelHorizons.js ships hardcoded bootstrap placeholder forecast axes (:16, :71, :100) that could be read as real coverage.",the paired refusal at modelProvenance.js:91,modelProvenance.js:91 reads 'REFUSES ON PLACEHOLDER DATA. MODEL_METADATA_CACHE ships bootstrap axes (LayerRegistry seeds…)' and useOpenMeteoTileUrls.js:478 records the inverse error ('cutting real hours on a guess is the same error inverted'). The placeholder and its refusal are paired correctly.
UNKNOWN-UNKNOWN DISCOVERY (audit spec §3.4/§13) — repo-wide ,"routes/surf_data/alerts.py:64 defines OPEN_METEO_MARINE_URL, and alerts are a surface CLAUDE.md names explicitly as bound to the composition chain.",already repaired in-file at alerts.py:320-358,"The constant is dead (defined, never referenced again). The live evaluation calls point_resolution_service.resolve_spot_conditions and reads both `rating` and `rating_level` into surf_alert_body, with a long in-file annotation recording that this notification 'used to say ""perfect conditions!"" ON HEIGHT ALONE'. Chain-compliant; only the dead constant remains, which is a Remove-Later hygiene item, not a gap."
UNKNOWN-UNKNOWN DISCOVERY (audit spec §3.4/§13) — repo-wide ,frontend/src/components/_deprecated/TrendingSection.js — a deprecated component directory still in the tree.,Out of scope for this area,"Legacy-unreachable and not weather-relevant. grep -rn 'TrendingSection' frontend/src returns 3 hits, all inside the file itself; grep for '_deprecated' across frontend/src and package.json returns nothing; positive control 'ForecastWheel' returns 5 hits including its test. It is an Explore discovery feed, so it touches no weather surface. Safe to delete, worth no register row."
UNKNOWN-UNKNOWN DISCOVERY (audit spec §3.4/§13) — repo-wide ,backend/scripts/migrations_archive/** carries dozens of hard-coded spot coordinates and hand-tuned offshore offsets that contradict the live shore-normal asset.,Out of scope — Legacy-unreachable,"grep -rn 'migrations_archive' backend --include=*.py matches only backend/tests/test_wind_unit_constant_parity.py:160, and that line EXCLUDES the directory from a scan. Positive control: grep -rn 'from scripts' backend/routes returns two real route-level script imports, so the technique can prove a script IS reachable. Nothing imports these."
UNKNOWN-UNKNOWN DISCOVERY (audit spec §3.4/§13) — repo-wide ,backend/routes/surf_data/conditions.py has nine 200-with-error return sites and a ~52-59 s median.,"WS-CAN-0009 and WS-CAN-0064, WS-OBJ-103 / WS-OBJ-302","Both are open with the register explicitly instructing that they be scoped together ('same file — one visit to conditions.py should close both'). My HID-05 concerns the confusingly-similar backend/routes/surf_spots/conditions.py, which is a different file and is in no register row."
SECURITY + DATA INTEGRITY + SUPPLY CHAIN (audit spec §21) — ,A live credential is committed in BRAIN_RULES.md and is reachable from git history,WS-CAN-0021 / WS-OBJ-703,"CONFIRMED STILL PRESENT AT HEAD, exactly as the register states. BRAIN_RULES.md:200 carries a Qdrant cluster endpoint plus a JWT-shaped API key; the file is tracked. The register's 'Verification Failed / Repair' state and its 'History retains them regardless of any future edit' note are both accurate. Note for accuracy: the row says 'the two committed credentials'; at HEAD ONE value survives in that file — :201's LangSmith reference correctly stores the key in episodic memory, not in-file. Do not re-report as new. (The rotation's file LIST is incomplete — see SEC-G07.)"
SECURITY + DATA INTEGRITY + SUPPLY CHAIN (audit spec §21) — ,A truncated or malformed upstream GRIB can be registered and served as authoritative because the byte-range fetch does not validate length,WS-CAN-0017 / WS-OBJ-304 / SOTA B14,"REAL and confirmed at HEAD, but verbatim the register's own remaining work. _fetch_message_bytes at noaa_gfs_wind_fetcher.py:97, noaa_gfs_wave_fetcher.py:248 and noaa_gfs_pressure_fetcher.py:95 accept a bare 200 — which means the upstream ignored the Range header and returned the whole object — and never compare len(r.content) to end-start+1 nor read Content-Range. WS-CAN-0017's Remaining Work says 'start with byte-count/Range validation (one site, three copies)'; my independent count is three copies. Nothing to add."
SECURITY + DATA INTEGRITY + SUPPLY CHAIN (audit spec §21) — ,A crashed or malformed-input decode worker could silently freeze a lane or zero-fill truncated data,WS-CAN-0008 / WS-OBJ-301,"The guards the register credits are present at HEAD. GridParserWorker.js has explicit truncation returns at :70 and :142 (offset + rows*cols > data.length -> return null) and a top-level try/catch at :729-747 posting {id, result, error}; useGridWorker.js:42 sets onerror and :68 re-creates on next use. The register's own remaining item is a reply-ordering test, which is a test gap, not a security one."
SECURITY + DATA INTEGRITY + SUPPLY CHAIN (audit spec §21) — ,Persisted client-side flags can silently degrade the weather data path across sessions,WS-CAN-0022 / WS-OBJ-301,WS-CAN-0022's fourth residual is named as 'persisted force_*_fallback keys'. My localStorage census found force_marine_fallback and force_wind_fallback among 44 keys — exactly that set. Covered. The distinct key __BACKEND_URL__ is NOT in that residual list and is raised separately as SEC-G02.
SECURITY + DATA INTEGRITY + SUPPLY CHAIN (audit spec §21) — ,Weather routes return 200 with an error body and leak raw str(e) to clients,WS-CAN-0009 / WS-OBJ-103,"The register scopes this to backend/routes/surf_data/conditions.py; I counted 8 str(e) occurrences there at HEAD, consistent with its 'nine 200-with-error sites, four returning raw str(e)'. Only ONE site of this class exists outside that file (weather.py:755), and it is folded into SEC-G01 rather than raised as its own finding."
SECURITY + DATA INTEGRITY + SUPPLY CHAIN (audit spec §21) — ,The client telemetry payload reports a fabricated healthy frame rate on the only client-to-server transport,"WS-CAN-0063 (CLOSED, 69ac3ddb) / WS-OBJ-506","Verified closed at HEAD by reading the server half: backend/routes/weather.py:723-729 now prints 'unmeasured' for None and preserves a measured 0, with the two-site history documented inline. Not re-reported. Note the closure fixed field HONESTY on this endpoint, not its EXPOSURE — which is why SEC-G01 is a separate concern on the same lines."
SECURITY + DATA INTEGRITY + SUPPLY CHAIN (audit spec §21) — ,"/api/conditions/batch is unauthenticated and takes about a minute, making it an amplification target",WS-CAN-0064 / WS-OBJ-302,"The ROUTE and its latency are fully covered — two independent readings, p50 52.2 s and 58.7 s, 100% of sampled calls over 10 s. I did not re-measure and do not re-report the latency. Only the missing admission control is carried forward, inside SEC-G08."
SECURITY + DATA INTEGRITY + SUPPLY CHAIN (audit spec §21) — ,Production users receive an artifact that was never tested,WS-CAN-0039 / WS-OBJ-104 / SOTA A18,"The commit-identity half is covered and owner-gated. I confirmed the dev deploy is at BUILD_VERSION 791fdf78 = HEAD exactly, which I used as the control that makes SEC-G03 and SEC-G04 present-tense rather than artifacts of the production freeze. The dependency-resolution half of 'the tested artifact' is not reachable by A18 and is raised as SEC-G04."
SECURITY + DATA INTEGRITY + SUPPLY CHAIN (audit spec §21) — ,433 ungated window.__RAW_*/__MARINE_* globals expose behaviour switches in production,SOTA B12 (MET) and the 'What the platform is already state of the art at' section,"KILLED BY MY OWN ATTEMPT. The contract explicitly records 'Kill-switch-and-control-arm discipline — every risky change ships with a rollback and a measurable control. This is genuinely better than industry norm.' Window flags are that mechanism. Read-only diagnostics and switches that only degrade are a deliberate documented design, not a defect. Only the ONE override that redirects authenticated traffic to another origin (__BACKEND_URL__) is carved out as SEC-G02."
SECURITY + DATA INTEGRITY + SUPPLY CHAIN (audit spec §21) — ,The TruthOverlay diagnostics HUD is reachable by production users,"design — TruthOverlay.js:19-29 isDiagHudEnabled, shipped 2026-07-19","KILLED. Production is OFF by default; ?diag=1 and localStorage __RAW_DIAG__='1' are a documented opt-in; '0' suppresses everywhere including the pixel-probe scripts; any storage exception returns false, i.e. fails CLOSED. The in-file header records that the component was previously mounted unconditionally and that this gate was the fix. MarineAnimTuner.js carries the same contract. Not applicable."
SECURITY + DATA INTEGRITY + SUPPLY CHAIN (audit spec §21) — ,The service worker is a cache-poisoning surface for weather data,refuted by inspection — no register row needed,"KILLED THREE WAYS. (1) The postMessage CACHE_SPOTS handler reconstructs the URL hardcoded same-origin at service-worker.js:344 and never uses the payload as a URL. (2) Every cache.put/match is keyed on the full request, so a cross-origin entry cannot satisfy a same-origin lookup. (3) Decisively, weather never enters the SW at all — :91-103 returns early for open-meteo.com, rainviewer, tiles., tile., maplibre, .om, the om protocol, /marine and /weather. The substring host tests there are the same defect SHAPE as WS-CAN-0059 but are not exploitable, so no finding is raised."
"FRONTEND RENDERING SURFACES — MapLibre custom layers, WebGL ","WeatherTelemetry's FPS RAF loop runs from module import on every screen and has no cancelAnimationFrame anywhere in the 551-LOC file (verified at HEAD: requestAnimationFrame at :397 and :399, armed from the constructor at :73, module-scope singleton at :549).",WS-CAN-0022 / WS-OBJ-301 / SOTA A11,"Named verbatim, with the same line numbers, as the register's Current Files entry. My independent RAF census (47 sites, 11 owners) confirms it is the ONLY production loop without a cancel path — the second candidate, useRasterTransactions.js:69,99,130, is in a file with zero importers. The register's conclusion is right; only its runtime evidence is not (CG-FE-RENDER-01)."
"FRONTEND RENDERING SURFACES — MapLibre custom layers, WebGL ","The two Canvas2D fallback renderers capture the CanvasAnimationCoordinator singleton in effects with deps [mapInstance] only, so after disposeAnimationCoordinator() they never re-register and the fallback canvas freezes permanently.","WS-CAN-0022 (title: ""...userTier zombie shutdown..."")","Still current at HEAD — GPUMarineLayer.js:374,546,558 and WindParticleOverlay.js:255,487,498 vs MapWebGL.js:692 disposeAnimationCoordinator() inside an effect keyed [mapInstance, userTier]. This is 11.0's D-02 and it is explicitly inside WS-CAN-0022's residual list, so it needs no new ID."
"FRONTEND RENDERING SURFACES — MapLibre custom layers, WebGL ",The persisted localStorage keys force_marine_fallback / force_wind_fallback are read in useState initialisers (MapWebGL.js:95-96) and therefore pin a browser to the Canvas2D renderers across reloads.,"WS-CAN-0022 (""...persisted force_*_fallback keys"")",Named in the task title. Confirmed unchanged at HEAD.
"FRONTEND RENDERING SURFACES — MapLibre custom layers, WebGL ","WebGL context loss / restore recovery has no test — nothing in the estate dispatches a webglcontextlost event, and the 11.2 failure injection has not been replayed at HEAD.","WS-CAN-0036 / WS-OBJ-103 / SOTA B11 (""Worker crash, context loss, partial data all recover — partial"") and A14","The handler exists and is correct (MapWebGL.js:703-742). The missing half is exactly what B11 and WS-OBJ-103's Required Closure Evidence (""11.2 failure injection replayed against HEAD"") already demand. The wind fallback arm being reachable by no test (force_wind_fallback is set nowhere in frontend/src or frontend/e2e, while force_marine_fallback is set at weather-simulation.spec.js:262 and _diag_maploader.mjs:60) is a sub-case of that same gap."
"FRONTEND RENDERING SURFACES — MapLibre custom layers, WebGL ",The om:// protocol returns transparent/mock tiles on several paths without a trace.,"WS-CAN-0060, WS-CAN-0061, WS-OBJ-101","Killed on inspection. The :885 transparent return is the INTENDED marine path (marine paints via WebGL, so the raster must be blank); the three block paths call traceOmBlock (:813 missing_run, :820 transparent_sentinel, :826 model_lock); the two error paths (:894, :909) emit console.error plus WeatherTelemetry.trackTileError. Instrumented, not silent — which is precisely the contrast that makes the radar family (CG-FE-RENDER-04) a finding."
"FRONTEND RENDERING SURFACES — MapLibre custom layers, WebGL ",Five MapLibre protocols are registered globally and none is ever removed (0 removeProtocol against 5 addProtocol).,"n/a — killed on evidence, not a gap","All five are idempotent: radarTileRecolor.js:581 guards on a module `_registered` flag, and openMeteoProtocol.js:912 swallows the ""already registered"" throw. MapLibre's protocol table is process-global by design, so there is no unbounded growth and no leak. Recorded in the evidence file §13, not raised."
"FRONTEND RENDERING SURFACES — MapLibre custom layers, WebGL ","The wind engine's 21 raw gl.deleteTexture calls bypass safeDeleteTexture, contradicting that function's own header claim that ""the accounting now lives in the ONE function every deletion passes through"".",folded into CG-FE-RENDER-03 rather than raised separately,"True (WebGLWindEngineInit.js 9 sites, WebGLWindEngine.js 12 sites) but currently harmless: no wind site increments __RAW_GPU__ either (`git grep -n ""textureCount++""` returns 3 sites, all marine), so the counters stay symmetric and no displayed number is wrong today. Latent invariant break, not a live defect — raising it separately would be inflation."
"FRONTEND RENDERING SURFACES — MapLibre custom layers, WebGL ","The rating band and the spot glyph disagree by 2.3-2.7x at close zoom, and the band-fade dead zone spans 9.5-40 degrees at alpha 0.",WS-CAN-0024 / WS-OBJ-602 (and the dead zone is owner-gated on __RAW_RATING_SPAN_FADE_HI__),"Both live in the surfaces I inventoried (RenderPlanDispatcher.js rating path, MapMarkerLayers.js glyphs) and both are already open with explicit ""DO NOT TUNE EITHER LANE"" guidance. Nothing to add from a coverage pass."
"FRONTEND RENDERING SURFACES — MapLibre custom layers, WebGL ",utils/WebGLFilterEngine.js:191 creates a second WebGL context with no webglcontextlost/restored handler.,out of area,"It is the photo-filter engine reached from the gallery components, not a weather-simulation render surface. Recorded in the surfaces table and evidence file §4/§13 for completeness of the ""every WebGL context"" census, deliberately not raised as a weather-sim gap."
"TEST-COVERAGE REALITY (audit spec §14) — the test estate, te",The executed-GL pixel oracle is test.fixme and can never fail — still true at HEAD,WS-CAN-0018 / WS-CAN-0019 (WS-OBJ-502),"Re-confirmed by measurement, not re-reported as new. `test.fixme(` at weather-simulation.spec.js:607 x 4 projects accounts for 4 of the 5 skips in every certified-green run; the 5th is the Firefox WebGL probe at :408. The 12.1 register already states 'Still 2 test.fixme occurrences at HEAD' and 'the oracle is inside the skipped 5 (LV-02)'. My reconciliation confirms the arithmetic exactly: 5 plain test( in weather-simulation + 7 in booking-flow + 1 fixme = 13 declarations x 4 projects = 52."
"TEST-COVERAGE REALITY (audit spec §14) — the test estate, te",The verdict-cache guardrail might not catch content mutations of a cache hit,WS-CAN-0031 + WS-CAN-0045 (WS-OBJ-502),"Both present at HEAD, verified by grep this audit: `created[before]` at marineMaskShelter.wrapper.test.js:162; `expectBothPhases` defined :388, asserting {hasSheltered:true, hasOpen:true} at :394, applied to the byte-identity test (:405,406) AND the post-close triple (:423,424,425). 43 test declarations under the landmine-aware regex, identical to the plain count — no hidden .each/.skip/.fixme. RV-04 already recorded M8/M9 both caught. Explicitly not re-reported."
"TEST-COVERAGE REALITY (audit spec §14) — the test estate, te",useGridWorker has no test at all — the worker reply-ordering path is unguarded,WS-CAN-0008 (WS-OBJ-301),"Measured: `useGridWorker` is named by 0 of 228 frontend test files (positive controls in the same directory: WebGLMarineEngine 29, TruthOverlay 3, colorScales 2). But the 12.1 register already records this as WS-CAN-0008's Remaining Work verbatim — 'Reply-ordering test (R11-14.3) still specified and unconfirmed'. Reporting it again would be re-filing an open task."
"TEST-COVERAGE REALITY (audit spec §14) — the test estate, te","TruthOverlay's fps honesty is pinned only by a source-substring guard, with no rendered payload",WS-CAN-0063 (closed) — its own closure note,"The register states it in its own words: 'NOT COVERED: TruthOverlay has no render harness, so the client half is pinned by a SOURCE guard, not a rendered payload. The backend guard cannot protect it.' Confirmed at HEAD: TruthOverlay.fpsHonesty.test.js:21 is `fs.readFileSync(… 'TruthOverlay.js')`. A closed task that names its own residual is not a blind spot."
"TEST-COVERAGE REALITY (audit spec §14) — the test estate, te",200+ backend test files skip wholesale in every CI run because REACT_APP_BACKEND_URL is unset,"ci.yml:777-786 + conftest.py:26-54, both explicit","MEASURED and it matches the disclosure exactly: 210 tracked files define a module-level BASE_URL; 206 of them are in the estate lane's 256 selected files (guards 4, chain 0). ci.yml's own comment states '206 of them skip because they define a module-level BASE_URL' and forbids setting the variable ('it would point 206 modules at a live server from CI and import those 7 failures as CI noise'). The policy SKIPs rather than fake-passes, and the estate lane's MIN_PASSED=358 with a budget of 2 would redden if a currently-passing estate module mass-skipped. Known, priced, and correctly chosen — not a gap."
"TEST-COVERAGE REALITY (audit spec §14) — the test estate, te","37 backend tests (test_weather_sim_mcp 28, _server_startup 3, test_debug_consciousness 6) execute in no CI lane, leaving the sim MCP tools unguarded","ci_test_lanes.py FASTMCP_EXCLUDED:165-168 + ESTATE_QUARANTINE, and the guards lane's test_sim_* family","KILLED by measurement. I checked all six sim MCP tool names against lane-claimed files: simulate_weather_change (8 lane-claimed files), find_best_window (2), find_best_spot (3), get_weather_forecast (9), get_surf_spots (2), clear_simulation_overrides (2). The TOOLS are covered by the composition lane; only the server startup/dispatch surface is not, and that is named in-source with a stated reason, asserted by test_sim_mcp_shim.py against silent widening, and surfaced by `--assert-partition`. A named, self-checking exclusion is disclosure, not a blind spot."
"TEST-COVERAGE REALITY (audit spec §14) — the test estate, te","The 4,320-row JS/Python rating parity goldens were last regenerated 2026-07-28 and surf_rating.py has moved 8 commits since, so the only numeric mirror gate may be grading a historical engine",KILLED BY MEASUREMENT (relates to WS-CAN-0002 / WS-OBJ-201),"This looked like the strongest finding available and it did not survive. I regenerated all 4,320 goldens from the HEAD Python engine into the scratchpad — never touching the repo file, since gen_rating_parity_goldens.py:main() writes straight to frontend/src/__tests__/__parity_goldens.json — replicating the exact grid (6 heights x 4 periods x 5 knots x 6 wind dirs x 2 shore-normals x 3 swell dirs) and the flag-clear preamble. Result: 4320 vs 4320, SCORE differences 0, LEVEL differences 0. The 8 engine commits (incl. 97deb2f8 partition-exposure refusal and 41c67116 NaN-scores-as-epic) moved no score on this grid. The gate is grading the live engine. Recorded rather than filed."
"TEST-COVERAGE REALITY (audit spec §14) — the test estate, te","The parity goldens call rating_score with 6 positional args, so reference_size_m / partitions / break_depth_m are untested — and RATING_LOCAL_SIZE=1 is live in production",KILLED BY MEASUREMENT — surfRating.test.js (54 tests),"The generator's docstring (:23-26) discloses the blind spot and instructs 'Cover those with targeted tests instead'. The instruction was followed: surfRating.test.js:76 covers the local-size curve (sizeScore(0.6,0.6), sizeScore(1.5,0.6), and a computeSurfRating A/B at ref 0.7); :144-176 cover tide bands/taper and breaker type; :221-297 cover partitions, the energy-share refusal and its boundary; :409-420 cover break-depth capacity against the SAME ETOPO fixtures the backend test uses. This also exposed my own technique failure — grep for `breakDepthM` returns 0 test files because those tests pass the value POSITIONALLY, so a parameter-name grep measures vocabulary, not execution."
"TEST-COVERAGE REALITY (audit spec §14) — the test estate, te",57 backend and 16 frontend test files grade source text or AST shape rather than a computed value,WS-CAN-0018's framing + CLAUDE.md's AST-guard mandate,"Counted and recorded as an estate property, not filed. The mandate explicitly requires an AST-guarded single write site, so structural guards are the intended mechanism, and WS-CAN-0018 already carries the counter-position for the one place it is wrong ('Shader output is asserted, not source-substring-matched'). Positive control that the census technique works: it finds TruthOverlay.fpsHonesty.test.js:21, the source guard the register itself names."
"TEST-COVERAGE REALITY (audit spec §14) — the test estate, te","14 monkeypatch sites substitute forecast-chain functions, so those tests assert on mocks rather than the active path","WS-CAN-0023 / the standing 'the parity block validates WIRING, never the height' position","Inspected all 14 across 5 files: every substitution is a recorder/spy/counter (recording_estimate, recorder, counted, _spy, boom) whose purpose is to prove the production call happened with production arguments. That is composition-wiring verification, which is what CLAUDE.md's ONE FORECAST COMPOSITION mandate requires, and the value half is carried separately by test_height_anchors.py and the parity goldens. The wiring-vs-value distinction is already the program's stated position."
"TEST-COVERAGE REALITY (audit spec §14) — the test estate, te",`|| true` and `|| echo` appear 17 times across 12 workflows and may be swallowing assertion failures,Inspected — negative result,"Every occurrence I read is on a DIAGNOSTIC print, never on an assertion: `cat /tmp/probe.txt || echo '(no output)'`, `pip freeze | grep … || true`, `diff <(json.tool A) <(json.tool B) | head -60 || true`, `grep 'REFUSED' replay_out.txt || true`. Where a `||` supplies a fallback VALUE (data-health-monitor.yml:38 `code=$(curl … || echo '000')`, keep-warm.yml:32, marine-nightly.yml:65) that value is then graded as a failure, which is the correct pattern. No assertion in this repo is swallowed by a `|| true`."
"TEST-COVERAGE REALITY (audit spec §14) — the test estate, te",python-upgrade-readiness.yml has continue-on-error on all six steps,Its own header — by design,"The workflow header states 'IT REPORTS THE WHOLE BLOCKER SET, NOT THE FIRST FAILURE. Every step is continue-on-error on purpose.' It is a report, not a gate, and it gates nothing. Distinguished from ci.yml:270, which IS a gate in a gating workflow and is filed as GAP-TEST-06."
"TEST-COVERAGE REALITY (audit spec §14) — the test estate, te","The E2E lane tests a live deployment rather than a build of the checked-out tree, so a green says nothing about the commit",e2e-tests.yml:70-97 and :138-157 — measured and correct,"Tried to kill it and it killed itself. The lane waits for the Netlify dev preview's service-worker BUILD_VERSION to PREFIX-match the full commit SHA (adaptive --short length handled), and for /api/health to report the exact 40-hex SHA, and FAILS with a specific error if either never arrives ('The frontend did not deploy. E2E is NOT run rather than run against a stale bundle'). The concurrency block's own comment explains why cancel-in-progress must stay true for a lane that drives a live deployment. This is a better design than testing a local build, and it is already correct."
"TEST-COVERAGE REALITY (audit spec §14) — the test estate, te",Backend lane file floors may be stale like the frontend one,WS-CAN-0065 — measured current at HEAD,"`ci_test_lanes.py --lane guards` selects exactly 150 files against MIN_FILES=150 (ci.yml:571), and `--lane chain` selects exactly 85 against MIN_FILES=85 (ci.yml:728). Both file floors are exact and current. `--assert-partition` passes. The floor-staleness gate, the pre-push hook, and the two dedicated test files (test_ci_floor_staleness.py, test_ci_lane_single_source.py) are doing their job on the lanes they cover — which is precisely why the frontend's exclusion from them (GAP-TEST-01) is the finding rather than staleness in general."
BACKEND API SURFACE the weather sim depends on — every regis,"GET /api/weather/buoy-calibration returns {""available"": false} for both 'L2 blob unreadable' and 'report never generated' — a refusal that cannot distinguish blind from empty, on the only live input to the accuracy gate",WS-CAN-0026 / WS-OBJ-501,"The consumer already treats the ambiguity as blindness: backend/scripts/forecast_accuracy_monitor.py:129-132 returns REFUSED on `report.get('available') is not True` with the message 'ACCURACY MONITOR IS BLIND -- calibration report unreachable or unavailable. This is refusal, NOT health and NOT a measured breach'. Correct as built; no gap."
BACKEND API SURFACE the weather sim depends on — every regis,"GET /api/weather/point computes truthTag and gridPointParity only when model=GFS+marine+waves or domain=wind (weather.py:196-198), so ICON and EURO marine point responses carry neither",WS-CAN-0035 + the client-side parity implementation,"The marine client computes parity itself with the three-state refusal (forecastDeprecationDiag.js:66-80, parityStatus/unsampledReasons); the only reader of the BACKEND field is backendWindServiceClient.js:317, and wind always satisfies the gate. No rendering surface loses parity because of the model gate."
BACKEND API SURFACE the weather sim depends on — every regis,GET /api/weather/grid_series sits at p90 >= 10 s with 4 of 22 calls over 10 s at HEAD (max 17.9 s) and has no WS-CAN id of its own,SOTA B3 + WS-OBJ-302 + WS-CAN-0064's own disposition note,"B3 already requires per-route p50/p99 with a stated envelope, and 12.0 named grid_series (p99 31.1 s, 36.8% over 10 s) in EXECUTIVE_WHERE_WE_STAND_BRIEF.md:95 and CURRENT_STATE_MATURITY_SCORECARD.md:44. At HEAD its p50 is 5,000 ms, so it passes WS-OBJ-302's median-only criterion. The residue is that WS-OBJ-302's closure criterion is narrower than the B3 contract it serves — an objective-criterion observation, not an uncovered route."
BACKEND API SURFACE the weather sim depends on — every regis,GET /api/weather/spot-ratings swallows an L2 precompute read failure (weather.py:502-504) and silently switches to the live lane,the endpoint's own disclosure contract (WS-OBJ-002 / WS-CAN-0023),"`source` discloses the lane (precomputed | precomputed_stale | live | disabled) and served_valid_time + frame_offset_hours disclose which frame was served. This is the disclosure discipline the objective asks for, not a silent failure."
BACKEND API SURFACE the weather sim depends on — every regis,"GET /api/weather/products has no frontend caller and sits at p50 5,000 ms with no error contract at all",WS-OBJ-302 via 12.1 LV-07,"12.1 LV-07 already measured it (n=51, p50 5,000 ms, p99 10,669 ms). At HEAD: n=74, avg 4,052 ms, max 9,656 ms, over_10000ms=0 — under the 10 s median bound. Measured, named, and inside budget; the 'no frontend caller' fact is inventory, not a defect (it is a census endpoint for scripts)."
BACKEND API SURFACE the weather sim depends on — every regis,GET /api/weather/status reports not_instrumented instead of provider health numbers,WS-CAN-0010,"This IS the fix (R11-08), not the defect. weather.py:676-702 documents the removal of the hardcoded 'healthy' and the pointer to /api/health and /api/health/data."
BACKEND API SURFACE the weather sim depends on — every regis,"backend/routes/weather_ingest.py is not imported by backend/routes/__init__.py, so its 19 endpoints look dead",refuted by execution — recorded so a later pass does not repeat it,"backend/routes/weather.py:778-779 does `from .weather_ingest import router as ingest_router; router.include_router(ingest_router)`, and all 19 appear in the runtime APIRoute dump under /api/weather/. A static read of routes/__init__.py alone gives the wrong answer; reachability had to be executed."
BACKEND API SURFACE the weather sim depends on — every regis,Only 3 of the 65 weather-bearing routes declare a Pydantic response_model; the other 62 return hand-built dicts,the register's own producer-key drop history (SpotRatingItem comments at weather.py:372-417; conditions.py:155-167),"Not reported as a gap because the register documents the OPPOSITE failure mode as the live one: a declared Pydantic model SILENTLY DROPS undeclared producer keys (`limiter` at 6da4c16e, the geometry envelope at e8b38e42, forecast_confidence at MASTER-AUDIT-10.0 §1.2), and a hand-listed response whitelist has the same failure mode. 'Declare more models' is not obviously the right remedy, so this stays an inventory fact (headline count in the evidence file), not a recommendation."
WORKERS + SERVICE WORKER + CACHES + STORAGE,"The L1 product filename carries model, domain, layer, region, valid_time and an estimated flag but NO run/cycle component, so two ingests of different cycles for the same valid_time collide on one filename","WS-CAN-0005 (+ WS-OBJ-202, SOTA A2)","The row title is literally 'True model-cycle identity: thread cycle_dt as run_time, keep wall-clock as ingested_at, key L1 by run' and its named symbol is store_helpers.py:81-86 _build_product_filename, which is the exact line I measured (`f""{model}_{domain}_{layer}{region_suffix}_{valid_time:%Y%m%dT%H%M%SZ}{estimated_suffix}.json""`). Its 12.1 scope finding already stages the fix. Nothing to add."
WORKERS + SERVICE WORKER + CACHES + STORAGE,"The L2 Supabase download is written straight to L1 with no length check, no Range validation and no checksum",WS-CAN-0017 / WS-OBJ-304 / SOTA B14,"store_helpers.py:632-637 download -> write_bytes -> rename is precisely the seam the row names ('end-to-end checksum, byte-count/Range validation, register-after-upload-confirm'), and the row's evidence field already records that the only two hashlib uses in the pipeline are an md5 rollout bucket and a manifest-restore skip optimisation."
WORKERS + SERVICE WORKER + CACHES + STORAGE,"A corrupt L1 product is logged, returns None, and is never re-downloaded or removed because filepath.exists() short-circuits the L2 branch forever after",WS-CAN-0017,"'L1 revalidation' is an explicit clause of the row. The unlink/os.remove sites in store_helpers.py and store.py are both on .tmp paths, never on a corrupt product -- which is the condition the clause describes."
WORKERS + SERVICE WORKER + CACHES + STORAGE,"_FORECAST_CACHE is keyed (round(lat,4), round(lng,4), valid_time) with no model component, so a model switch serves the previous model's cached answer",WS-CAN-0006,"The register row quotes this exact key tuple verbatim: 'sim_forecast.py:55 import-time MODEL; _FORECAST_CACHE key (lat4,lng4,valid_time)'. I re-verified the key at sim_forecast.py:374 and :392 at HEAD; nothing has changed."
WORKERS + SERVICE WORKER + CACHES + STORAGE,"force_wind_fallback and force_marine_fallback persist in localStorage with no TTL and survive every deploy, and the E2E spec seeds them",WS-CAN-0022,"'persisted force_*_fallback keys' is one of the four residuals named in the row title. The row is Not Started / Verification Failed, so it is open and correctly scoped."
WORKERS + SERVICE WORKER + CACHES + STORAGE,"useGridWorker has an onerror handler but no proven reply-ordering guarantee, and its cleanup deliberately does not terminate the module-level worker instance",WS-CAN-0008,"Same file, same seam: the row names useGridWorker.js:42 onerror = onmessageerror and :68 re-create on next use, with remaining work 'Reply-ordering test (R11-14.3)'. I confirmed onerror is present at HEAD. (The separate REACHABILITY problem with this row is filed as G12.2-WSW-08 -- that is a correction to the row's premise, not a duplicate of its content.)"
WORKERS + SERVICE WORKER + CACHES + STORAGE,"The service worker's exclusion list matches hostnames and paths by substring (hostname.includes('tile.'), '.om', pathname.includes('/weather')), the same shape that let '.js' match '.json'",WS-CAN-0059 (closed),"The .js/.json fix established the class and is closed. I walked every weather route actually in use against service-worker.js:91-104 and found NO live false match, so re-filing this would be a class observation dressed as a defect. Recorded in the evidence file as a class note only."
WORKERS + SERVICE WORKER + CACHES + STORAGE,"Production serves a service worker whose BUILD_VERSION is 85 days old, so production users are on a frozen bundle regardless of anything found here",WS-CAN-0039 / WS-OBJ-104 / SOTA A18,"The row carries the measurement twice (prod 3bd38a83 = 2026-05-20 vs dev = HEAD exactly) and is explicitly OWNER DECISION ONLY. This is the frame for every frontend finding in this area, not a new finding."
WORKERS + SERVICE WORKER + CACHES + STORAGE,Repo-wide greps read .claude/worktrees/ and can return values from another branch's tree,WS-CAN-0055 / WS-OBJ-704,I hit this during the audit (a repo-root grep exceeded a 2-minute timeout crawling the worktree). Already registered; I scoped every count to frontend/ or backend/ instead. No new claim.
WORKERS + SERVICE WORKER + CACHES + STORAGE,"There is no rendered-frame or pixel-level assertion anywhere in the E2E lane, so no test could prove the SW is not serving something stale to the GPU",WS-CAN-0018 / WS-CAN-0019,"The pixel-oracle / test.fixme gap is those rows' subject. My service-worker finding (G12.2-WSW-02) is narrower and distinct: the SW is not merely un-asserted, it is actively replaced by never-settling promises in beforeEach, so it never RUNS -- a different mechanism from a missing assertion."
WORKERS + SERVICE WORKER + CACHES + STORAGE,"MODEL_METADATA_CACHE ships bootstrap axes, so any UI reading validTimes from it could manufacture a false 'stale hour' banner",Existing production code -- modelProvenance.js:91-100 describeStaleHour,Not a gap at all: the module already REFUSES on placeholder data (`if (!live.has(omModelId)) return null`) with the reasoning in-comment. I record it as a strength and it correctly narrows G12.2-WSW-01 to the reference_time / last_modified_time fabrication rather than the whole cache.
CROSS-FEATURE + SHARED-INFRASTRUCTURE DEPENDENCIES (audit sp,"A map render crash never reaches the server — MapErrorBoundary.js:18-20 only calls logger.error, emits no truth event and no client-diagnostics POST",WS-CAN-0020 / WS-OBJ-504,"WS-OBJ-504's intended outcome is literally 'A frontend incident reaches a server without asking a user', and WS-CAN-0020 records TruthOverlay.js:141 as the only client-to-server transport in the system. A map crash is exactly the incident class that uplink exists to carry; its prerequisite WS-CAN-0063 is now closed."
CROSS-FEATURE + SHARED-INFRASTRUCTURE DEPENDENCIES (audit sp,A RAF loop keeps running after the user navigates away from /map,WS-CAN-0022 / WS-OBJ-301,"Named site-for-site (WeatherTelemetry.js:397-399, requestAnimationFrame with zero cancelAnimationFrame in the file) and confirmed at runtime by 12.1 LV-04 (__RAW_GPU__.activeRafCount = 1 with activeLayers = []). MapWebGL.js:683-693 does dispose everything else on unmount."
CROSS-FEATURE + SHARED-INFRASTRUCTURE DEPENDENCIES (audit sp,"A change to shared subscription state tears down and re-initialises the weather engine (MapWebGL.js effect deps [mapInstance, userTier])",WS-CAN-0022,"'userTier zombie shutdown' is one of the four named render-lifecycle residuals in that task. NOTE the part that is NOT covered and is reported separately as SUR-XF-tier-gates-forecast: userTier also selects the forecast horizon and the allowed model set, which is a data-content dependency, not a lifecycle one."
CROSS-FEATURE + SHARED-INFRASTRUCTURE DEPENDENCIES (audit sp,/api/conditions/batch takes about a minute at the median,WS-CAN-0064 / WS-OBJ-302,"Measured in two consecutive audits (12.0 RV-01 p50 52,238 ms; 12.1 LV-01 p50 58,713 ms) with the file named. Only the client-side consequence is uncovered, which is why XF-GAP-05 is filed as Expand Existing Task rather than a new id."
CROSS-FEATURE + SHARED-INFRASTRUCTURE DEPENDENCIES (audit sp,"/conditions/* returns HTTP 200 carrying an error body and leaks str(e) — verified live at HEAD at conditions.py:172,176,212,216,270,274,327,331 plus the batch per-spot error tuple",WS-CAN-0009 / WS-OBJ-103,"Nine sites, four of them raw str(e), already enumerated in the register with the same file; the register also already directs that WS-CAN-0009 and WS-CAN-0064 be scoped together in one visit to conditions.py."
CROSS-FEATURE + SHARED-INFRASTRUCTURE DEPENDENCIES (audit sp,The grid worker is shared infrastructure that could freeze a lane on crash,WS-CAN-0008 / WS-OBJ-301,"useGridWorker.js:42 onerror and :68 re-create are already recorded, with the reply-ordering test named as remaining work. My census adds only that no worker is SHARED across the boundary: `new Worker(` occurs at exactly two sites app-wide, useGridWorker.js:25 (weather) and useSessionTracker.js:22 (gpsWorker), with nothing in common."
CROSS-FEATURE + SHARED-INFRASTRUCTURE DEPENDENCIES (audit sp,The service worker might serve a stale cached forecast,not a defect — verified closed by reading,"service-worker.js:91-104 explicitly returns before respondWith for open-meteo.com, rainviewer, tiles., tile., maplibre, the om protocol, and any pathname containing /marine or /weather (which covers /api/weather/spot-ratings). /api/conditions/* and /api/tides/* match neither the exclusion list nor OFFLINE_API_PATTERNS (:19-23) and fall through to the terminal native-fetch branch. Correct today, but reached by omission rather than by rule — recorded in §3.5 of the evidence file."
CROSS-FEATURE + SHARED-INFRASTRUCTURE DEPENDENCIES (audit sp,backend/services/surf_conditions.py is an unrepaired fourth forecast path serving offshore Hs as surf height,"already repaired — WS-OBJ-201's chain, applied in-file","surf_conditions.py:61-95 _breaking_ft calls resolve_surf_geometry + estimate_surf_at and carries the record of the fix, mirroring spot_conditions._breaking_ft (902f47a9). grep -c compute_surf_rating on the file → 0 with a positive control on the same file (estimate_surf_at → 3), so the height is chain-derived and only the quality is absent — a weaker instance of XF-GAP-02 on a session-record surface, not a separate finding."
CROSS-FEATURE + SHARED-INFRASTRUCTURE DEPENDENCIES (audit sp,Chain callers might forget spot_id and silently fall back to the global size curve,backend/tests/test_spot_hub_local_size_reference.py:273-306,"An executing AST census pins all 7 resolve_spot_conditions calls across 5 modules (explore, spot_details, alerts, conditions x3, scheduler.surf_alerts) and asserts every one passes spot_id. Notably this is the ONLY guard in the estate that already knows scheduler.surf_alerts is a chain caller — it counts the module but says nothing about what the module does with the result."
CROSS-FEATURE + SHARED-INFRASTRUCTURE DEPENDENCIES (audit sp,The weather map is English-only while the app ships es/pt locales,not weather-specific — killed by positive control,"grep -rln useTranslation over all of frontend/src returns 2 files, and both are the i18n infrastructure itself (i18n.js, hooks/useLocale.js). The entire application is un-internationalised, so the map is not an outlier and this is not a cross-boundary gap."
CROSS-FEATURE + SHARED-INFRASTRUCTURE DEPENDENCIES (audit sp,Spot-of-the-Day's FLAT/POOR/FAIR/GOOD/GOOD_TO_EPIC/EPIC enum is a second rating vocabulary competing with the chain's seven levels,not a bypass — both call sites read,"spot_of_day.py:122 takes rating as a photographer-supplied query param, and the two frontend colour maps (SpotDrawerHelpers.js:43, SpotUIComponents.js:27) are fed exclusively from spotOfTheDay.rating. No forecast value is routed into either switch. Recorded in §1.5 with the latent hazard noted (both .toUpperCase() and fall through to a default, so a forecast fair_good routed here would degrade silently)."
CROSS-FEATURE + SHARED-INFRASTRUCTURE DEPENDENCIES (audit sp,A 401 on a weather request would eject the user and destroy the GL context mid-session,cannot originate weather-side — verified by reading the route decorators,"backend/routes/weather.py carries no identity dependency on any of its ten public routes (only :759 get_diagnostics_log has Depends(get_current_admin)), and routes/surf_data/conditions.py carries only Depends(get_db). apiClient.js:109-131 will still redirect on a 401 raised by a concurrent non-weather poller during a long map dwell, but that is app-wide behaviour with weather as a passive victim, not a weather dependency defect."
CROSS-FEATURE + SHARED-INFRASTRUCTURE DEPENDENCIES (audit sp,Global CSS or a shared viewport utility could break the map canvas,not a dependency — verified by grep,"grep -n 'canvas|maplibre|mapboxgl' over src/index.css and src/App.css returns zero matches; src/styles/ contains exactly two files and both are weather-owned (map-status.css, wraparound.css). No shared viewport-measurement utility crosses the boundary."
