Canonical ID,Title,Category,Intended Outcome,Source Audits,First Proposed,Most Recent Mention,Severity,Implementation State,Verification State,Current Disposition,Implementation Commits,Current Files / Symbols,Evidence At HEAD (this audit),Remaining Work,Release Gate,Dependencies
WS-CAN-0001,"Marine fallback churn loop: clear the stale engine global, gate the backstop, add terminal truth stages",Defect repair,Bounded recovery; no unbounded re-drive of a disposed engine,11.0 R11-01 / Codex F-01,2026-08-09,2026-08-09,P2,Implemented and Active,Verified Current,Keep as Complete,512b1cb6..9fe18414,WebGLMarineEngine.js:3199-3200 (identity-guarded null); useMarineScrubSettle.js:91 (webglMarineFailed gate); weatherTruthTracker.js:428 (chainCancelled),All three seams present at HEAD; grep-verified,Mounted integration test with fake time was specified; not separately confirmed,Gate 2,
WS-CAN-0002,Port the Python swell-energy-share refusal into the JS rating mirror,Scientific correctness,JS and Python agree across the 0.50 gate before SURF_PARTITIONS can flip,11.0 R11-02 / Codex F-04 / prior master,2026-08-08,2026-08-09,Release-blocker-on-flip,Implemented and Active,Verified Current,Keep as Complete,512b1cb6..9fe18414 (action 6),"frontend/src/components/map/surfRating.js:109-116,142 MIN_SWELL_ENERGY_SHARE = 0.50","Constant present, refusal present, mirrors surf_rating.py:444,475. SURF_PARTITIONS still defaults ""0""",Confirm the counter-pinning JS test was updated and goldens extended across 0.4525/0.50/0.5525,Gate 1,
WS-CAN-0003,"Stamp the running build on truth events, telemetry and the client-diagnostics POST",Observability,A truth event is release-attributable in isolation,11.0 R11-03 / Codex F-02,2026-08-09,2026-08-09,P2,Implemented and Active,Verified Current,Keep as Complete,512b1cb6..9fe18414 (action 5),"weatherTruthTracker.js:8,204; WeatherTelemetry.js:8,282",import { BUILD_VERSION } and build: BUILD_VERSION present in both,None,Gate 0,
WS-CAN-0004,Serialize run/provenance fields onto grid_series frames + a per-response run census,Observability / data truth,Mixed-run pages are detectable at a glance,11.0 R11-04 (serialization half),2026-08-09,2026-08-09,High,Implemented and Active,Verified Current,Keep as Complete,512b1cb6..9fe18414 (action 4),"grid_series_helper.py:58-63 (run_time/upstream_provider/estimate_basis), :428-434 (run_census)",Fields and census present at HEAD,None for this half,Gate 1,
WS-CAN-0005,"True model-cycle identity: thread cycle_dt as run_time, keep wall-clock as ingested_at, key L1 by run",Data truth,"run_time means the model cycle, not the ingest wall clock",11.0 R11-04 (cycle half),2026-08-09,2026-08-12,High,Not Started,Verification Failed,Repair,-,store_helpers.py:81-86 _build_product_filename (valid_time only); normalizer.py:142-144; scheduler.py _pick_cycle discards cycle_dt,PRODUCTION 2026-08-12: /api/weather/point returned run_time 2026-08-12T12:59:41Z for product gfs_marine_waves_hawaii_20260812T180000Z.json. The 18Z cycle cannot exist at 12:59Z: run_time is provably ingest time,Thread cycle_dt from the fetchers; add a run component to the L1 filename; add ingested_at,Gate 1,
WS-CAN-0006,"Simulator model contract: thread a validated model enum through all six MCP tools, caches, overrides and provenance - or label every answer GFS-only",Contract / disclosure,A sim answer names the model it came from,11.0 R11-05 / Codex F-03,2026-08-09,2026-08-09,P2 latent / P1 on any model work,Not Started,No Evidence Located,Investigate,-,"sim_forecast.py:55 import-time MODEL; _FORECAST_CACHE key (lat4,lng4,valid_time); sim_observed.py:79,205-206 parity omits model",Not re-verified at HEAD by this audit,"Contract decision first (owner), then one atomic change",Gate 1,
WS-CAN-0007,Retire or pin the ICON >168 h client blend so one hour has one composition,Architecture consolidation,One composition per forecast hour,11.0 R11-06,2026-08-09,2026-08-09,High,Not Started,Verification Failed,Complete Remaining Work,-,"backendWeatherServiceClient.js:272 if (model === ""ICON"" && hourOffset > 168)",Client blend still the unconditional per-hour path at HEAD,"Serve the backend-baked estimates through the per-hour lane, or stamp identity on the blend",Gate 1,
WS-CAN-0008,Worker crash handling: onerror + reply ordering + stop zero-filling truncated arrays,Reliability,A worker crash cannot silently freeze a lane for the session,11.0 R11-07,2026-08-09,2026-08-09,High,Implemented and Active,Partially Verified,Complete Remaining Work,512b1cb6..9fe18414 (action 7),useGridWorker.js:42 onerror = onmessageerror; :68 re-create on next use,onerror present at HEAD,Reply-ordering test (R11-14.3) still specified and unconfirmed,Gate 3,
WS-CAN-0009,HTTP status honesty on /conditions/*: stop returning 200 with an error body and stop leaking str(e),Reliability,A failure is a failure on the wire,11.0 R11-07 / prior master 3.13,2026-08-08,2026-08-09,High,Not Started,Verification Failed,Repair,-,"backend/routes/surf_data/conditions.py:94,172,176,212,216,270,274,327,331","NINE 200-with-error return sites at HEAD, four of them returning raw str(e)",Map failures to real status codes with a client-contract check first,Gate 1,
WS-CAN-0010,Measure-or-refuse on the three fabricated status surfaces,Observability,A health surface never reports a number it did not measure,11.0 R11-08,2026-08-09,2026-08-12,Medium (High trust),Partially Implemented,Partially Verified,Complete Remaining Work,512b1cb6..9fe18414 (action 7),"routes/weather.py:677-700 (status now refuses, with a pointer); routes/admin/system.py:486-523 (api-metrics now reads request_telemetry); STILL OPEN routes/admin/system.py:208",error_rate = 0.5  # Placeholder is live at system.py:208 and consumed at :272-273 to compute a user-visible status string,Third surface: replace the 0.5 placeholder with request_telemetry or refuse; decide the Sandbox-replay button,Gate 1,
WS-CAN-0011,dt-normalized particle advection in both WebGL engines,Performance / correctness,Motion is hardware-independent,11.0 R11-09,2026-08-09,2026-08-09,Medium,Not Started,No Evidence Located,Defer,-,WebGLWindEngine.js:540-544; WebGLMarineEngine.js:2166,No dt/deltaTime term found in WebGLWindEngine.js at HEAD,"Prototype behind a kill switch pinning dt=1, with an A/B",Gate 6,WS-CAN-0037
WS-CAN-0012,"Port marine four shipped invariants to the wind engine (device tier, reduced-motion, OOB cull, in-place reseed)",Accessibility / correctness,The two engines stop drifting apart,11.0 R11-09,2026-08-09,2026-08-09,Medium,Partially Implemented,Partially Verified,Complete Remaining Work,2e20122d..086ee773 (device-tier pool + prefers-reduced-motion),WebGLWindEngine.js,Two of four ported per the 11.0 batch-2 receipt; OOB cull and in-place reseed not re-verified here,Port the remaining two; confirm all four,Gate 3,
WS-CAN-0013,"GPU lifecycle hygiene batch (Promise-as-geojson, score-texture dispose, rollback, accounting, texture units 0-6)",Defect repair,"No mask poisoning, no per-dispose leak, no accounting drift",11.0 R11-10,2026-08-09,2026-08-09,Medium,Implemented and Active,Verified Historically but Not Current,Keep as Complete,512b1cb6..9fe18414 (a) + 2e20122d..086ee773 (b/d/e),WebGLMarineLayer.js:664; disposeEngine; WebGLStateIsolation,Receipted in 11.0 batches 1-2; not independently re-verified by this audit,Independent re-verification of (c) the encoder error-rollback,Gate 2,
WS-CAN-0014,Populate the numeric resolution field on point responses,Data truth,Consumers can tell a 0.25 grid from a 10 degree resample,11.0 R11-10 / Codex F-08 / 11.2 RC-05,2026-08-09,2026-08-12,Medium,Not Started,Verification Failed,Repair,-,NormalizedPointResponse.resolution; point_resolution.py deduce_grid_resolution exists but is not stamped on the response,"PRODUCTION 2026-08-12: /api/weather/point returned resolution: null on a fully-resolved authoritative native GFS response (product_id gfs_marine_waves_hawaii_20260812T180000Z.json, is_estimated false, geometry_readiness full)",Stamp the deduced resolution on every point path,Gate 1,
WS-CAN-0015,"Readout and legend truth batch (rain unit label, wind legend from the shader ramp, equal-value ticks, cross-fall slot sampling, one nearshore display policy, ft/m in infobox cards, radar legend)",User-facing truth,"The number, the colour and the label agree",11.0 R11-11,2026-08-09,2026-08-12,Medium (High for label errors),Partially Implemented,Partially Verified,Complete Remaining Work,2e20122d..086ee773 (rain label); 6568d94b (wind legend + equal-value ticks),heightUnits.js:9 M_TO_FT=3.28084 (drifted 3.281 retired 2026-08-09); MapWeatherControls.js:48-50,Two of seven shipped and receipted; the ft/m infobox threading and cross-fall slot sampling remain named open clocks in project memory,"Remaining five items, chiefly cross-fall slot-URL sampling and the single nearshore display policy",Gate 1,
WS-CAN-0016,"Forecast-hour zero: unify on floor, derive the scrubber label from the served frame, store base_time per page",User-facing truth,The label describes the frame on screen,11.0 R11-12,2026-08-09,2026-08-09,Medium,Not Started,No Evidence Located,Defer,-,grid_series_helper.py:322; spot_ratings.py:573; getSharedValidTime; MapWeatherControls.js:327-331,Not re-verified at HEAD by this audit,Prototype - it changes visible label behaviour,Gate 1,
WS-CAN-0017,"Pipeline integrity chain: end-to-end checksum, byte-count/Range validation, register-after-upload-confirm, L1 revalidation, non-silent reconcile, working retention prune, CAS on the spot-ratings key",Reliability,A corrupted or truncated product cannot be served as authoritative,Prior master 3.13 / 11.0 R11-13,2026-08-08,2026-08-12,Medium (compounding),Not Started,Verification Failed,Repair,-,_fetch_message_bytes x3; store.py; store_helpers.py,"Only two hashlib uses in the whole backend pipeline: an md5 rollout bucket and store_helpers.py:427, which is a manifest-restore SKIP optimisation, not a product integrity checksum","The whole chain; start with byte-count/Range validation (one site, three copies)",Gate 1,
WS-CAN-0018,Executed-GL pixel harness: a real readPixels oracle that fails on a mirrored or blank field,Test coverage,"Shader output is asserted, not source-substring-matched",11.0 R11-14,2026-08-09,2026-08-09,Medium,Implemented but Inactive,Verification Failed,Complete Remaining Work,ece2c36a,"frontend/e2e/weather-simulation.spec.js:541-578, frontend/e2e/pngPixels.js","The oracle EXISTS and is written, but line 578 is test.fixme(...) with an in-file comment: ""ships as DOCUMENTED WORK-IN-PROGRESS, never reds CI"". It cannot fail. 1 fixme vs 5 live tests in the file","Reach three headed greens and un-fixme it, or delete it. Until then it is a test that cannot fail",Gate 3,
WS-CAN-0019,Canvas-hash assertion that changing the hour changes the rendered frame,Test coverage,The four hold/dedup mechanisms cannot jointly freeze the picture undetected,11.0 R11-14,2026-08-09,2026-08-09,Medium,Implemented but Inactive,Verification Failed,Complete Remaining Work,ece2c36a,Same fixme block,Folded into the same test.fixme,Same as WS-CAN-0018,Gate 3,WS-CAN-0018
WS-CAN-0020,"Client-to-server telemetry uplink (fixed cardinality, modelled on request_telemetry)",Observability,Frontend incidents stop being diagnosed by asking a user to paste console output,11.0 R11-15,2026-08-09,2026-08-12,Medium (highest-leverage single instrument),Not Started,Verification Failed,Complete Remaining Work,-,TruthOverlay.js:141 is still the only client-to-server transport in the system,Grep at HEAD finds exactly one fetch to /weather/client-diagnostics; both halves of the uplink exist unbuilt,Build it; the server-side aggregation pattern already exists,Gate 4,
WS-CAN-0021,Rotate the two committed credentials in BRAIN_RULES.md and move them to env,Security governance,No live credential in git history-reachable content,11.0 R11-16 / Codex F-05,2026-08-09,2026-08-12,P1 governance,Not Started,Verification Failed,Repair,-,BRAIN_RULES.md,The file still matches credential patterns at HEAD (values not reproduced here). History retains them regardless of any future edit,"OWNER: rotate provider-side, move to env, secret-scan all refs",Gate 0,
WS-CAN-0022,Render-lifecycle residuals: cancel the always-on WeatherTelemetry FPS RAF loop; userTier zombie shutdown; cross-component canvas clear; persisted force_*_fallback keys,Defect repair,No module-import RAF that runs on every screen forever,11.0 R11-17,2026-08-09,2026-08-12,Low-Medium,Not Started,Verification Failed,Repair,-,WeatherTelemetry.js:397-399,requestAnimationFrame(loop) at :397 and :399 with ZERO cancelAnimationFrame anywhere in the file at HEAD,Add a cancel path; then the other three residuals,Gate 2,
WS-CAN-0023,Weather-sim parity: disclose reference_size_m and grade on the glyph disclosed reference,Scientific correctness,"A parity red means a composition difference, not a moving-input artifact",11.0 R11-18,2026-08-09,2026-08-12,Medium,Implemented and Active,Verified Current,Keep as Complete,32bd579c; fee36d57..6568d94b,Sim parity probe; glyph payload reference_size_m,Production point response at HEAD carries reference_size_m: 1.789. Sim Parity Monitor GREEN on its 2026-08-12T18:09Z scheduled run,None - but see WS-CAN-0024 for the surviving band/glyph question,Gate 1,
WS-CAN-0024,Isolate the per-cell composition sub-term behind the close-zoom rating band vs spot glyph divergence,Scientific correctness,The band and the glyph answer the same question or say they do not,11.0 S16 measurement / queue E#1,2026-08-09,2026-08-12,Medium,Not Started,Partially Verified,Investigate,-,grid_resolver_surf.py:104 reference_for; surf_point.resolve_surf_geometry,Measured 2.3-2.7x over-read at close zoom across three spots; four candidate causes killed by measurement; the binding sub-term is still not isolated,A per-cell geometry dump alongside the score. DO NOT TUNE EITHER LANE FIRST,Gate 1,
WS-CAN-0025,External uptime probe on /api/health and the monitor endpoint,Observability / reliability,Instrument delivery is itself measured,11.0 action 1 (P0),2026-08-09,2026-08-12,P0,Not Started,Verification Failed,Complete Remaining Work,-,.github/workflows/,"No external probe exists. The three uptime-adjacent workflows are all GitHub cron, which is the delivery channel being questioned. LIVE at HEAD: GET /api/health itself has p99 15,721 ms and 4 of 119 samples over 10 s","An out-of-GitHub probe. Named the cheapest single stability purchase left, three audits running",Gate 0,
WS-CAN-0026,Add a persistence and Open-Meteo paired row to the accuracy monitor RED criterion,Scientific validation,The gate grades the quantity that matters,11.1 SOFTWARE_JACOBIAN_DELTA / T-CP6-04,2026-08-10,2026-08-12,HIGH,Implemented in Shadow Mode,Verified Current,Complete Remaining Work,uncommitted working tree 2026-08-12 (3 files),"forecast_accuracy_monitor.py: SKILL_FLOOR_SOURCES / PUBLIC_REFERENCE_SOURCES, _gradeable(), _loses(), evaluate_scored_segment(paired=, cfg=); PAIRED_GRACE_DEFAULT=2026-08-22T00:00:00Z; kill ACCURACY_PAIRED_GATE=0; .github/workflows/forecast-accuracy-monitor.yml passes 4 new tunables","BUILT AND TESTED 2026-08-12. 10 new tests (T1..T7) all failed before the change and pass after; 22/22 monitor + 35/35 forecast_skill green; LOC ratchet ""No new violations""; workflow YAML parses. RV-05 replay on REAL production rows: 08-10 data (run 31426692621) = OK armed and unarmed (we BEAT persistence then, 0.181 vs 0.199); 08-12 data (run 31606511901) = WARN today, RED once armed, on the +24h skill floor. Controls: kill switch OK, positive control OK, missing persistence row REFUSED, +72h persistence correctly ungradeable (POPULATIONS DIVERGE 371 vs 1728). Scientific control RV-03 vs RV-06 at identical valid_time: 56 of 57 keys byte-identical, 0 forecast-bearing differences, surf_height_m 0.9642 unchanged","OWNER DECISION on the persistence floor before 2026-08-22: on 08-12 data the armed gate PAGES (+24h, delta +0.007 m, win 46%). Per the packet stop condition the threshold was NOT tuned until it passed. Then: (1) observe one cron cycle in the warn-only window, (2) commit + push (every push to dev is a production backend deploy - batch it), (3) confirm the first armed scheduled run",Gate 1,
WS-CAN-0027,Enable Playwright video capture (and upgrade 1.60 to 1.62) to close the recording evidence gap,Test / evidence infrastructure,"A temporal defect can be seen, not only described","11.0 SOTA table (named ""this audit's single largest evidence gap"", B-01)",2026-08-09,2026-08-12,Medium,Not Started,Verification Failed,Complete Remaining Work,-,frontend/playwright.config.js:32-36; frontend/package.json:109,"At HEAD: reporter html, trace on-first-retry, screenshot only-on-failure, and NO video key at all. @playwright/test still ^1.60.0. ZERO .webm/.mp4/.png/.zip/.har/.heapsnapshot/.cpuprofile artifacts exist across ALL FOUR audit evidence directories",Set video: retain-on-failure; upgrade. Then a recording-backed audit becomes possible for the first time,Gate 3,
WS-CAN-0028,"Synthetic canonical field harness (uniform E/W/N/S, vortex, checkerboard) through the real render path",Test coverage,"Row reversal, UV flip and handedness are verified in BOTH directions",11.2 Gate 2 residue; 11.3-draft session Mission A,2026-08-11,2026-08-12,HIGH,Not Started,No Evidence Located,Complete Remaining Work,-,frontend/e2e/,"Named by the 11.3-draft session as ""the largest true unknown in the system"" and ranked highest information gain per hour. Never started",Build it (~1 day estimated by the session that scoped it),Gate 1,WS-CAN-0027
WS-CAN-0029,Correct freshness_sec: the declared 1800 s budget no tier has ever met,Data truth,A staleness flag means staleness,11.3-draft session (Mission C),2026-08-11,2026-08-12,Medium,Not Started,Verification Failed,Repair,-,freshness_sec on point/grid responses,PRODUCTION 2026-08-12: /api/weather/point returns freshness_sec: 1800 unchanged. The session that diagnosed it measured 98 percent of triples exceeding it while nothing was older than 1.72 h,"Pin the true cadence with two samples, then an owner decision on the value",Gate 1,
WS-CAN-0030,Finish T-1: make TRUTH VIOLATIONS consume parity status in EVERY path,Observability,The HUD cannot read green while a sibling instrument disagrees,11.2 handoff 5.2; 11.3-draft session (Mission B),2026-08-11,2026-08-11,Medium,Partially Implemented,Partially Verified,Complete Remaining Work,-,forecastDiagnostics.js:328-354; TruthOverlay.js,"The REFUSE third state SHIPPED (parityStatus, unsampledReasons at forecastDiagnostics.js:341-354). Whether every path consumes it was not re-verified here","The last mile, scoped by its own author at ~2 h",Gate 2,
WS-CAN-0031,Repair the verdict-cache guardrail so content mutations of a cache hit fail,Test integrity,A cache that inverts the mask cannot ship green,11.4 Gate C / AUTHORIZED_NEXT_GATE_PACKET Stages 1-2,2026-08-12,2026-08-12,P1 (as published),Implemented and Active,Verified Current,Keep as Complete,ecfc1077,"marineMaskShelter.wrapper.test.js:159-162 (created[before]), :378-400","RV-04, THIS AUDIT: mutations M9 (hit returns all-one) and M8 (hit returns all-zero) applied at HEAD in an isolated worktree BOTH CAUGHT, 2 failed / 52 passed of 54 each. Unmutated control 54/54. Audit 11.4 Gate C (FAIL, 6 of 10 survive) is REFUTED at HEAD, and its own MUTATION_RESULTS_FINAL_10of10.json already said so in the same commit",Stage 3 only: an explicit non-vacuity guard inside the byte-identity assertion,Gate 3,
WS-CAN-0032,Settle-debounce promotion for the ocean-mask classifier,Performance,Removes ~27 percent of panning classifier cost,Gate 6 series,2026-08-12,2026-08-12,Medium,Implemented in Shadow Mode,Partially Verified,Preserve but Do Not Modify,"85e3f1fb, 84c3fd60",marineMaskShelter.js:269-282 _shelterSettleGate,"DEFAULT-OFF by its author's explicit instruction (""MUST NOT be promoted yet""). A deferral leaves the mask un-suppressed for that frame: a visible-behaviour change behind a perf flag",A human must look at a pan before promotion. Do not promote without it,Gate 6,
WS-CAN-0033,Non-monotonic z8/z9/z10 tier selection changes the served value at a fixed coordinate,Defect repair,Product selection is deterministic and disclosed,"11.0 SOFTWARE_JACOBIAN_MATRIX (""the strongest single lead"") / 11.2 RC-03",2026-08-09,2026-08-11,Critical (11.2 classification),Not Started,Verification Failed,Repair,-,Tier selection in the marine fetch ladder,Layer off-on x3 at a fixed coordinate gave 0.64/6.8 -> 0.44/3.1 -> 0.64/6.8. 11.2 records it survived the entire 11.1 window unrepaired. Not independently re-measured by this audit,Make selection deterministic; disclose the tier,Gate 1,
WS-CAN-0034,"Provenance class must be a function of more than isEstimated, with a cannot-determine state",User-facing truth,The HUD cannot say AUTHORITATIVE NATIVE during a total load failure,11.2 RC-01,2026-08-11,2026-08-12,Critical (11.2 classification),Implemented and Active,Verified Current,Keep as Complete,post-11.2,TruthOverlay.js:274-286: NO DATA / UNVERIFIED SOURCE / ESTIMATED FALLBACK / SUBSTITUTED SOURCE / RESOLUTION UNKNOWN / COARSE n GRID / AUTHORITATIVE NATIVE,"Seven states at HEAD, gated on gridVectorCount, productId, isEstimated, isSubstituted and resolutionDeg","None. NOTE: its resolution input relies on backendWeatherServiceClientDiag.js:203-210 deriving from served grid bounds, because WS-CAN-0014 never landed",Gate 1,WS-CAN-0014
WS-CAN-0035,Parity gate must REFUSE when either side is unsampled,Observability,Absence stops being encoded as agreement,11.2 RC-02,2026-08-11,2026-08-12,Critical (11.2 classification),Implemented and Active,Verified Current,Keep as Complete,post-11.2,"forecastDiagnostics.js:288-354 (unsampled, parityStatus, unsampledReasons)","Third state present at HEAD. The separate ~10-week orphaned read (renderedVectorCount / renderedNonzeroCount, which nothing wrote) is ALSO fixed: forecastDiagnostics.js:48 now reads webglSourceVectorCount, with the history documented in-file at :15-31",None,Gate 1,
WS-CAN-0036,"Detection, disclosure and recovery on weather request failure",Reliability,A total load failure is visible to the user and the system,11.2 RC-04,2026-08-11,2026-08-11,Critical (11.2 classification),Partially Implemented,Partially Verified,Complete Remaining Work,post-11.2 (NO DATA class),TruthOverlay.js provenanceClass NO DATA branch,The disclosure half is now reachable (gridVectorCount 0 -> NO DATA). Detection and recovery were not re-tested by failure injection in this audit,Re-run 11.2 failure injection against HEAD,Gate 2,
WS-CAN-0037,"Build a frame harness (Playwright headed, visible viewport) so frame rate is measurable at all",Test infrastructure,Unblocks every retracted FPS reading,11.2 (FPS retraction) / 11.3-draft Mission D,2026-08-11,2026-08-12,Medium,Not Started,Verification Failed,Complete Remaining Work,-,frontend/playwright.config.js (4 browser projects already configured),"FRAME RATE IS UNMEASURABLE IN THE BROWSER PANE (RAF 1 frame / 5 s, unfocused-tab throttling). All FPS readings in the program are retracted. No headed harness exists",Estimated half a day by the session that scoped it,Gate 3,WS-CAN-0027
WS-CAN-0038,Reconcile DO_NOT_ADVANCE_ITEMS against the live gate matrix,Governance,The next session does not re-measure closed gates,11.3-draft Mission E,2026-08-11,2026-08-12,Low,Not Started,No Evidence Located,Complete Remaining Work,-,audit/weather-simulation-11.2/DO_NOT_ADVANCE_ITEMS.md,Scoped at five minutes by the session that named it. Superseded in form by this audit: 12.0 IS the reconciliation,Merge into the 12.0 canonical register and retire the standalone file,Gate 0,
WS-CAN-0039,Unfreeze the production Netlify frontend,Release / owner,Users receive the work,Standing since 2026-08-05,2026-08-05,2026-08-12,P0-owner,Not Started,Verified Current,Preserve but Do Not Modify,-,Netlify production site,"MEASURED 2026-08-12: rawsurf.netlify.app/service-worker.js BUILD_VERSION = 3bd38a83 (2026-05-20), while dev--rawsurf.netlify.app = 3ec3fd13 = HEAD exactly. Production frontend is 84 days behind HEAD",OWNER DECISION ONLY. Every frontend finding in this program is about an artifact production does not serve,Gate 0,
WS-CAN-0040,Read the production Render environment variable screen,Evidence / owner,Bounds several flag-state questions in minutes,"11.0 S2.4, carried from the prior master",2026-08-08,2026-08-12,P0-owner,Not Started,Blocked,Complete Remaining Work,-,Render dashboard,Named as a standing gap by two consecutive masters. One dashboard screen,OWNER: one screen read,Gate 0,
WS-CAN-0041,Uninstall the Vercel GitHub App,Hygiene / owner,Removes 8-of-8 failing deployment noise,Standing,2026-08-05,2026-08-11,Low,Not Started,Verified Historically but Not Current,Complete Remaining Work,0eac7f32 (noise resolved),GitHub app settings,"Owner stated ""we never set it up, we have Netlify"". The noise was resolved; the app was not uninstalled",OWNER: one click,Gate 0,
WS-CAN-0042,Resolve the calibration census bound question honestly (re-derive at the operating percentile or wait for ERA5),Scientific calibration,A bound grades the population it was authored for,11.0 batch 3 / threshold-outlives-calibration class,2026-08-09,2026-08-12,Medium,Partially Implemented,Verified Current,Defer,42242bef,Forecast Calibration Census workflow; science_registry ratchet (d12d363c),The workflow is GREEN at HEAD (2026-08-12T15:31Z scheduled). The instrument defect was fixed (page on the percentile-invariant claim; absolute miss downgraded to BOUNDS STALE),OWNER: the bound value itself. NEVER widen. Registry debt count was 29,Gate 5,
WS-CAN-0043,"Arm the marineCommitArbiter (shipped dark, 3000/3000 differential-tested)",Architecture consolidation,The pure reducer replaces the branch-heavy guard chain,11.0 R11-06 / Codex F-09,2026-08-09,2026-08-09,Medium,Implemented but Inactive,Partially Verified,Defer,pre-11.0,__RAW_MARINE_ARBITER__ flag; arbiterDecide,Ships dark behind a flag while the branch-heavy chain remains the live path. A shadow divergence ring exists,"Read arb_shadow_diverge rate first, THEN flip. Benchmark-first, not adopt",Gate 4,
WS-CAN-0044,Fix the p2 rollout evaluator inverted exclude precedence before any canary,Defect repair,A canary cannot target the population it was told to exclude,Prior master / 11.0 R11-13,2026-08-08,2026-08-09,Dormant landmine,Not Started,No Evidence Located,Defer,-,p2.py:556-561 target-before-exclude,Zero callers today. Not re-verified at HEAD by this audit,Fix before any canary is wired,Gate 4,
WS-CAN-0045,Add a non-vacuity guard to the verdict-cache byte-identity assertion,Test integrity,The equality cannot degrade into two empty buffers being equal,11.4 packet Stage 3,2026-08-12,2026-08-12,Low,Not Started,Verification Failed,Complete Remaining Work,-,marineMaskShelter.wrapper.test.js:378-385,RV-04: the assertion at :384 has no in-assertion non-vacuity check. Non-vacuity is implied only by a sibling test asserting narrow.shelteredFrac > 0 on the same fixture,One assertion. The only genuinely open stage of the 11.4 packet,Gate 3,WS-CAN-0031
WS-CAN-0046,Zarr / Kerchunk / COG / Dask cloud-native data migration,Data modernization,n/a,"MASTER-AUDIT 9.0/10.0/11.0, 11.2 DO_NOT_ADVANCE",2026-08-06,2026-08-11,n/a,Not Started,No Evidence Located,Reject,-,n/a,"Priced against what it would replace by three consecutive audits; all lose. 11.2 adds the decisive reframe: the backend data contract is already strong, the defect is that the CLIENT discards it",None. Reopen only with new evidence,n/a,
WS-CAN-0047,JAX / CuPy / GPU / Numba numerical acceleration,Numerical modernization,n/a,MASTER-AUDIT 9.0/10.0/11.0,2026-08-06,2026-08-09,n/a,Not Started,No Evidence Located,Reject,-,n/a,Load-bearing premise re-verified at 11.0: 4 s CPU global forecast. There is no measured numerical bottleneck to accelerate,None,n/a,
WS-CAN-0048,SWAN / FVCOM / GNN / nested grids / AMR nearshore modelling,Nearshore modelling,n/a,"MASTER-AUDIT 9.0/10.0/11.0, 11.2",2026-08-06,2026-08-11,n/a,Not Started,No Evidence Located,Reject,-,n/a,"Three audits agree the binding constraint is INPUT COVERAGE (0.25 degree tiles, break depth, shore normals), not physics. 11.2 adds: cannot validate a finer model while a fixed coordinate value depends on interaction history (RC-03)",None until WS-CAN-0033 closes and coverage grows,Gate 7,WS-CAN-0033
WS-CAN-0049,Neural emulators / learned downscaling / AI bias correction / model blending,AI-assisted forecasting,n/a,"MASTER-AUDIT 9.0/10.0/11.0, 11.2",2026-08-06,2026-08-12,n/a,Not Started,No Evidence Located,Defer,-,n/a,11.2: a learned correction fitted against an unvalidated baseline is unfalsifiable. THIS AUDIT ADDS THE DECISIVE DATUM: at HEAD the served lane loses to a FREE public model at all three leads on n~1700-1800 paired samples. There is no validated baseline to correct toward,Blocked on WS-CAN-0026 and a matured ledger,Gate 8,WS-CAN-0026
WS-CAN-0050,WebGPU / OffscreenCanvas / SharedArrayBuffer rendering modernization,GPU modernization,n/a,"MASTER-AUDIT 10.0/11.0, 11.2 DO_NOT_ADVANCE",2026-08-07,2026-08-11,n/a,Not Started,No Evidence Located,Defer,-,n/a,"No measured GPU bottleneck. 11.2: adding a worker adds an authority to a subsystem that already has three disagreeing ones. AND frame rate is currently unmeasurable (WS-CAN-0037), so no before/after could be graded",Blocked on WS-CAN-0037,Gate 6,WS-CAN-0037
WS-CAN-0051,Learned nearshore transform,Nearshore / AI,n/a,QUEUE-2026-08-03,2026-08-03,2026-08-09,n/a,Not Started,Verified Current,Defer,-,n/a,Postponed by 11.0 with a stated reason that is itself the finding: the dataset is not growing,None until the observation dataset grows,Gate 8,
WS-CAN-0052,SURF_PARTITIONS flip,Scientific calibration,n/a,Prior master / 11.0,2026-08-08,2026-08-12,High risk,Not Started,Verified Current,Defer,-,"point_resolution.py:121, spot_conditions.py:138, both default ""0""","Its named blocker WS-CAN-0002 IS now closed (the JS mirror refusal shipped). The cap-seam remains, and the flag is still OFF at HEAD",Cap-seam decision + all lanes flip together + owner,Gate 5,WS-CAN-0002
WS-CAN-0053,SURF_TIDE_DEPTH flip,Scientific calibration,n/a,Prior master / 11.0 / INDEX-forecast-science,2026-08-07,2026-08-12,High risk,Not Started,Verified Current,Defer,-,science_registry,"OWNER DECISION recorded as OFF. Tide is measured at 19x the reach of gamma, so this is the highest-reach absent nearshore term",Break-depth completion + a positive-control census,Gate 7,
WS-CAN-0054,Arm the skill-MAE gate,Scientific validation,The ledger can page on a real accuracy regression,11.0 F-06 constraint,2026-08-09,2026-08-12,Medium,Not Started,Verified Current,Defer,-,forecast_accuracy_monitor.py,Deliberately unarmed until ~2026-08-22 on two clean weeks. The ledger clock it waited on IS now closed: run 31606511901 reads ledgered=1044 scored=919 pending=25640 evicted_cap=0,"Wait for 08-22, then arm. Do not tune constants before then",Gate 5,WS-CAN-0026
WS-CAN-0055,Close the standing stale-worktree hygiene hazard,Hygiene,Searches cannot silently read a different commit,11.0 title page,2026-08-09,2026-08-12,Low,Not Started,Verification Failed,Complete Remaining Work,-,git worktree list,"Report 11.0 flagged ONE stale registered worktree. At HEAD there are SIX, five of them pinned to 79056047/e8f10955 from a prior session. This audit added and correctly removed its own",OWNER/session-owner: prune the five orphans (they may hold another session work - do not force-remove blind),Gate 0,
WS-CAN-0056,Establish one continuous release-gate taxonomy,Governance,A gate has a history,THIS AUDIT,2026-08-12,2026-08-12,Medium,Not Started,No Evidence Located,Complete Remaining Work,-,audit/weather-simulation-11.2/RELEASE_GATE_MATRIX.csv vs audit/weather-simulation-11.4/RELEASE_GATE_MATRIX.csv,"11.2 publishes gates 1-8 by DOMAIN (Data Truth, Projection Truth, ...); 11.4 publishes gates A-I by AUDIT DIMENSION (Mission Compliance, Causal Closure, ...). They are different taxonomies. 11.2 Gate 1 Data Truth FAIL has NO successor row in 11.4. 11.4 Gate C Test Integrity has NO predecessor",Adopt one taxonomy (12.0 uses the domain gates) and map both historical matrices onto it once,Gate 0,
