mission_id,title,authorized_scope,claimed_result,start_commit,end_commit,scope_verdict,auditor_note
12.2-AUTH / WS-CAN-0066,Make the surf alert that actually runs state the quality (Audit 12.2's single authorized execution mission),"audit/weather-simulation-12.2/NEXT_AUTHORIZED_EXECUTION_MISSION.md — reunify the two surf-alert implementations, rewrite the guard census so it DISCOVERS its subjects, fix the push deep-link (step 4), verify on the scheduled path (step 5). Forbidden: forecast quantities/constants/science_registry, flag flips, conditions.py, latency, run_time/cycle_dt, reverting video:'retain-on-failure', E2E workflow_dispatch, --no-verify.",Commit a1b5aac3 body: guard RED->GREEN naming :94; mutation reverts redden 6 tests and 4/4 deep-link tests; a planted third emitter was discovered and named; frontend 2142 passed (2138 baseline + 4).,791fdf78,886094ce,Implemented Exactly,"VERIFIED BY CODE, not by claim. Baseline 791fdf78:backend/scheduler/surf_alerts.py:94 carries the live literal `body=f""Waves are {wave_height_ft:.1f}ft - perfect conditions!""`; at HEAD that literal survives only as a comment at backend/scheduler/surf_alerts.py:80 and the file now has 5 refs to surf_alert_body/rating_level (baseline: 0) — the acceptance criterion `grep -c > 0` is met against its own stated control. Step 4 verified: 791fdf78:frontend/public/service-worker.js routed surf_alert to `/map?spot=${data.spot_id}`; at HEAD frontend/public/service-worker.js:295 routes to `/alerts?alert_id=...`, and the map components still contain zero spot-param readers (positive control: only MarineAnimTuner.js:55 and TruthOverlay.js:23 read location.search, unchanged from baseline) — so the fix was made on the side that IS consumed. Step 5 test file backend/tests/test_surf_alert_scheduled_states_the_quality.py (180 lines) exists. UNVERIFIED: the 'CI green with content' criterion (backend 1779+ collected, frontend 2138, E2E 52) — no CI run artifact is in the repo; verifying it needs `gh run view` on the run for a1b5aac3. Note the sequencing oddity: CURRENT_EXECUTION_STATE.json:19 calls WS-CAN-0066 'ALREADY COMPLETE at a1b5aac3 before this program began' — true only because Program 13.0 starts at d8c866bd; relative to the 12.2 baseline 791fdf78 this mission was executed INSIDE the audited window."
13.0-M1 / WS-CAN-0062,Mission 1 — geometry-quality disclosure (WS-OBJ-207),"Not named by 12.2 directly. Derived under PROGRAM_CONTROL_13.0.md rule 10 from audit/weather-simulation-12.2/UPDATED_CRITICAL_PATH.md position 2 ('one provenance visit' = WS-CAN-0005 + 0062 + the run_time display half), of which only WS-CAN-0062 passed the readiness gate.","MISSION_HISTORY.md closure certificate for WS-OBJ-207: 10 tests, red-first 4F -> 10P, repair-disabled 2F; live n=87 production census; 19 of 87 spots gain a disclosure.",1f4e5149,70ae3623,Implemented Exactly,"The re-derivation is documented and the reason is checkable: the 12.2 mission was already complete, so a re-derivation was mandated rather than optional. The certificate in MISSION_HISTORY.md states four things it does NOT establish (governance rule 16 honoured). BLOCKERS_AND_DECISIONS.md D-1 records the rejected design (coupling confidence to geometry_readiness) with a named CONTROL test. This is the best-governed mission in the window."
13.0-M2 / WS-OBJ-401,Mission 2 — split spot_ratings.py off its precompute lane,"Self-authorized inside the program. CURRENT_MISSION.md declares it an 'enabler — no new WS-CAN ID' under WS-OBJ-401, forced by the 800/800 LOC pre-commit ratchet.",spot_ratings.py 800 -> 351 LOC; spot_ratings_precompute.py 498; `precompute.rate_one_spot is spot_ratings.rate_one_spot` asserted; 11-test mutation-proven seam guard.,70ae3623,3afaf8b1,Implemented with Safe Variation,"WS-OBJ-401 sits at Finish Line B position 16 in audit/weather-simulation-12.2/UPDATED_CRITICAL_PATH.md, not Finish Line A — so a Finish-Line-B objective was advanced before Finish Line A closed. The variation is defensible and stated: the LOC ratchet made it a hard prerequisite for any further rating repair, and CURRENT_MISSION.md explicitly argues why no new WS-CAN ID was minted (the anti-'new tasks under new names' rule). No behaviour change; the same object is shared across the file boundary."
13.0-M3 / WS-CAN-0064 (forensics),Mission 3 — latency forensics,audit/weather-simulation-12.2/UPDATED_CRITICAL_PATH.md position 4: WS-OBJ-302 bounded latency <- WS-CAN-0064 EXPANDED (two routes: /conditions/batch AND /api/weather/grid_series) + WS-CAN-0009.,CURRENT_EXECUTION_STATE.json:104-112 — 'production /api/conditions/batch is linear at 0.380 s/spot (n=2..87)... blocked on the live value of SPOT_RATINGS_CONCURRENCY on Render'.,3afaf8b1,e5c68c1a,Superseded,"The recorded blocker was retracted twice inside the window: e5c68c1a 'RETRACT the WS-CAN-0064 blocker — raising concurrency is refuted, and /api/health had the answer all along', then 72a8edba/d72444b5 'the Render env read, reconciled — Gate 0 item met'. CURRENT_EXECUTION_STATE.json:104 still carries the superseded 'DIAGNOSED — Blocked on an owner/admin read' text as the CURRENT mission, 84 commits behind HEAD."
13.0-M4 / WS-CAN-0064 (repair),Mission 4 — /conditions/batch serves from the precomputed frames,"Same as Mission 3: WS-CAN-0064 EXPANDED to TWO routes (/conditions/batch and /api/weather/grid_series, 'same file, one visit' per CURRENT_EXECUTION_STATE.json:80).","c4a8a315 — '30 production spots in 0.40-0.59 s, all precomputed, vs ~11.4 s before'.",ed280c93,c4a8a315,Partially Implemented,"Only ONE of the two authorized routes was repaired. 9d8b2ad9 touches backend/routes/surf_data/conditions.py (+100), routes/weather.py (+8), spot_ratings.py (+9) and adds backend/tests/test_conditions_batch_precompute.py (220 lines). `git log -S""grid_series"" 791fdf78..fb50fa6d` returns only documentation commits (4950ac45, e5c68c1a, 43ccbe07, and pre-existing files) — no repair commit touches the grid_series latency path. The 12.2 expansion ('/api/weather/grid_series also breaches 10 s — Add to current WS-CAN-0064 scope, same visit') is therefore unmet, and no control file records it as deferred."
13.0-M5 / WS-CAN-0076,Mission 5 — the nearshore outcome loop's core,"NONE in the 13.0 or 12.2 corpus. CURRENT_TASK_REGISTER.csv:72 names its source as 'Master Codex Audit 1.0 MC-03 (deep half) + Phase-2' — an external document at C:\Users\dprit\OneDrive\Documents\New project\MASTER_CODEX_AUDIT_REPORT_1.0.md (36,210 bytes, 2026-08-14 23:23).","da730a9b — 'the system's FIRST matched nearshore observation'; Blacks Beach <-> CDIP 153p1, model 0.573 m vs instrument 0.940 m (-39.0%), n=1.",da730a9b,fabb9fe8,Expanded Beyond Scope,"A NEW WS-CAN ID was minted for an outcome sourced from an external audit, against Gate 5 (CURRENT_TASK_REGISTER.csv:72), while Gate 1 is OPEN and WS-OBJ-202 sits at 'Verification Failed' (CURRENT_RELEASE_GATE_STATUS.md). PROGRAM_CONTROL_13.0.md's provenance section reserves new-ID space only for the 12.2 IDs (WS-CAN-0066/0067, WS-OBJ-706..709) 'until a mission adopts them'; 0072-0076 have no such reservation. Mitigating: the row is honestly scoped ('n=1 proves the CHAIN, not the statistic'), the register row was written, and MISSION_HISTORY.md was NOT updated with a closure certificate — so the program's own history has no record of Missions 3, 4 or 5."
MC-1.0-BATCH,Master Codex Audit 1.0 remediation batch (WS-CAN-0072/0073/0074/0075 + WS-CAN-0017 residual),"NONE in the 13.0 or 12.2 corpus. Source is external: C:\Users\dprit\OneDrive\Documents\New project\MASTER_CODEX_AUDIT_REPORT_1.0.md (2026-08-14 23:23). CURRENT_EXECUTION_STATE.json:113 names it 'Master Codex Audit 1.0 (external, OneDrive)'.",Four repairs; cap seam dark (38/48 negative-jump traces -> 0/48 armed); calibration refuses at n_matched=0; diagnostics ingress bounded; 22 module-level env parses hardened.,c1566c8b,118cfabc,Expanded Beyond Scope,"Best-governed of the out-of-corpus work: four new WS-CAN rows written (CURRENT_TASK_REGISTER.csv:68-71), decisions D-4/D-5 recorded in BLOCKERS_AND_DECISIONS.md, and a dated addendum added to CURRENT_RELEASE_GATE_STATUS.md that explicitly claims no gate passed. It is nonetheless work no in-repo authorizing document names, and it crosses gates: WS-CAN-0073 is Gate 5 and WS-CAN-0074 is Gate 4 while Gate 1 is the open gate. It is also the ONLY window work to touch the science core — 6e4e44fb modifies surf_transform.py/surf_height_convention.py, shipped DARK behind SURF_CAP_SEAM_MONOTONE default OFF, which honours the 12.2 and 13.0 'no flag flip' prohibition."
HALO-CAMPAIGN,The coastal / island land-mask halo campaign (Master Codex Audits 3.1 / 4.0 / 4.1 / 4.2),"NO DOCUMENT INSIDE THE PROGRAM AUTHORIZES IT. `grep -c -i halo` returns 0 in ALL of: PROGRAM_CONTROL_13.0.md, CURRENT_MISSION.md, MISSION_HISTORY.md, CURRENT_RELEASE_GATE_STATUS.md, BLOCKERS_AND_DECISIONS.md, CURRENT_TASK_REGISTER.csv, CURRENT_OBJECTIVE_REGISTER.csv, audit/weather-simulation-12.2/NEXT_AUTHORIZED_EXECUTION_MISSION.md and audit/weather-simulation-12.2/UPDATED_CRITICAL_PATH.md. The only in-program file that mentions it is CURRENT_HANDOFF.md (5 hits), added AFTER the work started.",Halo attributed to `ocean-mask-buffer` and made opt-in (784b4c6c); NE island re-assert gate 1200->400 (050f19b3); island ring proven a 0.25-degree grid-resolution limit and answered with a 0.083-degree ingestion lane (fb50fa6d).,2e3efa66,fb50fa6d,Expanded Beyond Scope,"CLASSIFICATION: an EMERGENT OWNER-REPORTED REGRESSION, subsequently scoped by EXTERNAL audit documents that live outside the repository — NOT scope drift in the 'nobody asked' sense, and NOT an authorized program mission. The owner-report chain is recorded in five independent files, all agent-authored (CLAIMS, not evidence): program/weather-simulation/evidence/HALO-REGRESSION-2026-08-15.md:3 quotes 'Marine layers are showing a regression with land mask halos showing up. The issues are on dev and main identically'; COMPLETION_LEDGER_4.2.csv:64 (C4-MR-16) cites 'owner report 2026-08-16 ""the land mask halo is still persisting around coast lines""' and 'OWNER CHOSE THE REPAIR HALF ONLY (option 2)'; evidence/AUDIT-3.1-INDEPENDENT-LANE-2026-08-15.md:169 cites 'owner authorization to fix forward'; evidence/HANDOFF-2026-08-16-audit4-verification-lane.md:19 records 'You need to seed auth'; 784b4c6c's body cites an owner mandate for LAYER_ORDER_PROOF_LOG.json. The scoping documents DO exist and are dated, but outside the repo: MASTER_CODEX_AUDIT_REPORT_3.1_LAND_MASK_SECOND_PASS.md (2026-08-15 20:31, frozen at commit 2e3efa66 — i.e. commissioned AFTER the in-repo reopening), MASTER_CODEX_WEATHER_SIM_FORENSIC_AUDIT_4.0.md (08-15 22:52), RAW_SURF_WEATHER_SIM_ACCELERATION_AUDIT_4.1.md and CLAUDE_CODE_WEATHER_SIM_COMPLETION_HANDOFF_4.2.md (08-16 00:48). SIZE: 61 of 127 commits (48%) — 9 on 08-15, 26 of 36 on 08-16, 17 of 17 on 08-17, 9 of 9 on 08-18. GOVERNANCE CONSEQUENCE: it created a PARALLEL ID NAMESPACE. COMPLETION_LEDGER_4.2.csv holds 63 C4-* rows; only 10 lines contain any WS-CAN reference, and CURRENT_TASK_REGISTER.csv contains ZERO 'C4-' strings. Commit 43ccbe07 calls it 'the ONE authoritative completion ledger' and asserts 'no second competing register is created', while PROGRAM_CONTROL_13.0.md's 'Where to start' table names CURRENT_TASK_REGISTER.csv as the register. Two registers now claim authority. MITIGATING: the campaign did NOT touch the forecast composition chain — `git log 791fdf78..fb50fa6d -- surf_rating.py science_registry.py surf_transform.py surf_point.py` returns only bf8fb4cd and 6e4e44fb, both Master Codex 1.0 items, neither halo."
ISLAND-INGEST-0083,The 0.083-degree island ingestion lane (backend half of the island halo),None in-corpus. fb50fa6d's body claims 'Owner chose top-20 regions and asked to hold the push until the lane is ready'; evidence/ISLAND-HALO-ROOT-CAUSE-2026-08-18.md:244 claims 'Owner approved a Madeira pilot before any ingestion build'. Both are agent-authored CLAIMS.,"20 CMEMS island regions derived from production /api/surf-spots (1,773 spots), 398 spots = 72% of island spots, 19,963 cells; ~4.3 min per frame, 4.63 MB/frame, ~37 MB/day; 24 tests, 2 mutations.",014c0674,fb50fa6d,Expanded Beyond Scope,"This is the sharpest scope finding in the window: a frontend render defect (a halo) escalated into a NEW BACKEND MARINE INGESTION LANE with a recurring daily cost. fb50fa6d adds backend/services/weather_pipeline/copernicus_island_ingestion.py (162), copernicus_island_regions.py (138), a scheduler method and registration (backend/services/weather_pipeline/scheduler.py:371, backend/scheduler/forecast.py +14). PROGRAM_CONTROL_13.0.md:47 'Do not start' and audit/weather-simulation-12.2/UPDATED_CRITICAL_PATH.md section 6 both forbid starting WS-CAN-0058 — whose title is '0.25 deg regional tile-coverage expansion (+3 to +5 regions)', whose intended outcome is 'Fewer served spots resolved from the coarse global grid', and whose Remaining Work names MADEIRA explicitly as a candidate region. The island lane is a DIFFERENT lane (0.083 deg, CMEMS subsets, separate scheduler group) and the 0.25-degree config is untouched — WORLDWIDE_REGIONS_PER_CYCLE is '3' in both .github/workflows/forecast-ingest.yml:72 and forecast-ingest-pilots.yml:72 at HEAD, byte-identical to 791fdf78 — so WS-CAN-0058 is strictly Not Implemented. But the forbidden OUTCOME was pursued under a new name, and WS-CAN-0058's register row still reads 'Not Started' with an EMPTY Program 13.0 Status column. Two mitigations are real and verifiable: the lane is inert by construction (backend/services/weather_pipeline/scheduler.py:377 — 'no serving tier reads region_id `island_*` yet'; a repo-wide grep confirms no reader outside the ingestion module itself), and the commit produced exactly the cadence and bytes-per-frame figures the WS-CAN-0058 blocker demanded — but recorded them against no register row."
12.2-VERIFY-LANE,"VERIFY IN PARALLEL — V1..V5 (zero production change, explicitly not blocked)","audit/weather-simulation-12.2/UPDATED_CRITICAL_PATH.md section 3: V1 zoomlab red + video (expires 08-27), V2 WebKit failure video (expires 08-27), V3 read __MAP_RENDER_FPS__ on hardware GL, V4 one sustained-load run (CLOSES WS-OBJ-303), V5 the 27-workflow census.","V1 closed (8cf6be3e), V2 closed (dd6a8126), V5 run and it retired the build it recommended (aa305291).",62ae29bb,aa305291,Partially Implemented,"3 of 5 done. V3 and V4 have ZERO commits in the window: `git log --grep='WS-CAN-0037'` returns only the audit-publication commit 62ae29bb, and `git log --grep='MAP_RENDER_FPS|sustained' -i` likewise. V4 was the item the path said would CLOSE WS-OBJ-303 outright, and V3 was the item 12.2 argued had shrunk from 'build a harness' to 'read the one that exists' (~1 hour). Both were free, unblocked, and skipped — while 61 commits went into unregistered renderer work."
CI-FLOOR-LANE,CI lane-floor maintenance,"Implicit maintenance under BLOCKERS_AND_DECISIONS.md D-5 (as corrected 2026-08-15): floors are CI-anchored, edited as a PAIR (ci.yml MIN_PASSED + test_ci_floor_staleness.py _FLOOR_SET_FROM) BEFORE the push.",Eight floor commits in the range plus 568fc2c6 at HEAD; ef72e56f claims 'guards 1788 / chain 790 / estate 413 — each EXACTLY the floor-source prediction'.,886094ce,568fc2c6,Implemented with Safe Variation,"Two floors were LOWERED (5fcdd817 estate 396->386; ce66f6f4/dd9dadff estate 423->414), each with a stated measured reason, and the one-sided staleness check was not weakened. The pre-push hook was honoured rather than bypassed: 568fc2c6's body records 'The pre-push hook refused the push... Fifth time this lane has needed the raise, and the hook has now caught it 5 of 5' — direct evidence that the 12.2 prohibition on `--no-verify` held. NOTE: 6 of the 127 commits are exact duplicates created by the ed280c93 merge ('reconcile main's rebase-merged history back into dev'). Verified by patch-id: e0fb3289/118cfabc, ce66f6f4/dd9dadff, d72444b5/72a8edba, be6a705a/7bb7b9d6, bf8fb4cd/0509b1ec, d4c6f487/7362bab4 are all SAME_PATCH. The effective distinct commit count is 121, not 127."
CONTROL-FILE-STALENESS,Staleness of the Program 13.0 control files (a finding in itself),PROGRAM_CONTROL_13.0.md: 'This directory is the living implementation record... One verified mission at a time; registers updated in place.' Its 'Where to start' table names the five files a fresh session must read first.,CURRENT_HANDOFF.md: 'Written so a fresh session can continue WITHOUT rereading the 12+ audits.',791fdf78,fb50fa6d,Contradicted,"ALL SEVEN control files are stale, measured as commits-behind-HEAD by `git log -1 -- <path>` then `git rev-list --count`: PROGRAM_CONTROL_13.0.md 120 (last d8c866bd, 08-14) · CURRENT_MISSION.md 118 (last 3afaf8b1, 08-14) · MISSION_HISTORY.md 112 (last 6df51b03, 08-14) · CURRENT_RELEASE_GATE_STATUS.md 93 (last 8aa7aa93, 08-15) · BLOCKERS_AND_DECISIONS.md 92 (last 834b1cfe, 08-15) · CURRENT_EXECUTION_STATE.json 84 (last d4c6f487, 08-15) · CURRENT_HANDOFF.md 64 (last 198280d6, 08-15). CONCRETE CONTRADICTIONS AT HEAD: (1) CURRENT_MISSION.md:3 declares 'Mission 2' the open mission, which MISSION_HISTORY.md itself records as Verified Complete — the 'mission contract currently open' file has been four days stale and three missions have run since. (2) MISSION_HISTORY.md contains closure certificates for Missions 1 and 2 ONLY; Missions 3, 4 and 5 and the entire 61-commit halo campaign have no entry — the program's own history is missing 48% of its work. (3) CURRENT_EXECUTION_STATE.json:3 says `""updated"": ""2026-08-14""`, :48 says `""pushed"": false`, :51 says `""authorization"": ""none given""`, and :133 repeats `{""pushed"": false, ""authorization"": ""none; program rule 7""}` — but at HEAD `git rev-parse HEAD origin/dev` returns the SAME sha (568fc2c6), i.e. everything IS pushed, and COMPLETION_LEDGER_4.2.csv (C4-P0-08) records dev promoted to main via PR #9 with `git diff --stat origin/main origin/dev` EMPTY, plus origin/main now at f2e98a32 'Promote dev to main: halo fix... (#12)'. On this repo a push to dev IS a production backend deploy, so the control file that a fresh session reads to learn the release state asserts the exact opposite of the truth. (4) CURRENT_EXECUTION_STATE.json:72 'next_recommended_mission: WS-CAN-0064 + WS-CAN-0009' — both were completed inside the window. (5) The register's WS-CAN-0039 row still reads 'Not Started' while COMPLETION_LEDGER_4.2.csv (C4-P0-09) carries a 2026-08-16 MEASUREMENT that the freeze is a Netlify publish lock — the newer truth lives in the parallel ledger, not the canonical register. AUDIT-EXECUTION NOTE: HEAD moved DURING this audit. The task named fb50fa6d as HEAD; `git rev-parse HEAD` now returns 568fc2c6, one commit further on (2026-08-18, chain floor for the island lane). 791fdf78..HEAD is 128 commits, not 127. This is the same shared-worktree hazard the ledger already flags as C4-GOV-01 (BLOCKED_OWNER_assign-single-source-owner)."
(requirement),"12.2 acceptance: grep -c ""surf_alert_body|rating_level"" backend/scheduler/surf_alerts.py > 0 (currently 0; control: the route reads 8)",,,,,MET — verified by code,"`git grep -c -E ""surf_alert_body|rating_level"" 791fdf78 -- backend/scheduler/surf_alerts.py` = 0 (no output); same at fb50fa6d = 5."
(requirement),"12.2 acceptance: zero live ""perfect conditions""-class literals in any file the discovered census returns",,,,,MET — verified by code,"791fdf78:backend/scheduler/surf_alerts.py:94 holds the live f-string; at fb50fa6d every remaining occurrence is a comment or a test constant (backend/scheduler/surf_alerts.py:80, backend/routes/surf_data/alerts.py:25,342, backend/tests/test_surf_alert_states_the_quality.py)."
(requirement),"12.2 acceptance: the guard FAILS on the pre-fix tree naming scheduler/surf_alerts.py:94, and passes after",,,,,UNVERIFIED,"a1b5aac3's body claims '2 failed -> 9 passed, naming :94'. No test-run artifact for this is in the repo. Verifying it requires checking out 791fdf78 with a1b5aac3's test file applied and running pytest — outside this read-only audit."
(requirement),"12.2 acceptance: CI green with content — backend 1779+ collected, frontend 2138 passed, E2E 'Running 52 tests'",,,,,UNVERIFIED,No CI log or run artifact for a1b5aac3 exists under program/weather-simulation/evidence/. `gh run list --commit a1b5aac3` would settle it.
(requirement),12.2 step 4: make the push deep link and the in-app link agree on a destination that reads its parameter,,,,,MET — verified by code,"791fdf78:frontend/public/service-worker.js routed surf_alert to `/map?spot=${data.spot_id}`; fb50fa6d:frontend/public/service-worker.js:295 routes to `/alerts?alert_id=...`. Map components still hold zero spot-param readers at HEAD (only MarineAnimTuner.js:55 `?tuner=1` and TruthOverlay.js:23 `?diag=1`, both unchanged from baseline), so the fix was made on the consumed side."
(requirement),"12.2 forbidden: do not change any forecast quantity, constant, or science_registry.py value",,,,,"DEVIATION — outside the 0066 mission, under separate external authorization","`git log 791fdf78..fb50fa6d -- backend/services/weather_pipeline/{surf_rating,science_registry,surf_transform,surf_point}.py` returns exactly two commits: bf8fb4cd (WS-CAN-0075 config hardening) and 6e4e44fb (WS-CAN-0072 cap seam). Neither is part of WS-CAN-0066; both are Master Codex 1.0 items with register rows at CURRENT_TASK_REGISTER.csv:68,71."
(requirement),"12.2 + 13.0 forbidden: do not flip any flag (SURF_PARTITIONS, SURF_TIDE_DEPTH, __RAW_MARINE_ARBITER__, the 261 window.__RAW_* overrides)",,,,,"SUBSTANTIALLY MET, one recorded deviation","Named science flags untouched; SURF_CAP_SEAM_MONOTONE shipped default OFF (BLOCKERS_AND_DECISIONS.md D-4); the land-aware wave fetch was defaulted back OFF at f7714cf2 after its own A/B said it made the halo worse. DEVIATION: 784b4c6c changed `ocean-mask-buffer` from on-whenever-a-marine-layer-is-active to opt-in via __RAW_WATER_TEMP_COAST_BUFFER__ — a live default change on a __RAW_* override surface, on the production frontend render path. It is mutation-verified (3 tests red on restore) and logged in LAYER_ORDER_PROOF_LOG.json, but it is a default flip that no control file authorized."
(requirement),"12.2 forbidden (for the 0066 mission): do not touch conditions.py, the latency work, or run_time/cycle_dt — 'those are NEXT'",,,,,MET,"a1b5aac3 touches only backend/scheduler/surf_alerts.py, two test files, frontend/public/service-worker.js, one frontend test, and the 12.1 register. conditions.py was touched later at 9d8b2ad9, correctly, as the NEXT mission."
(requirement),12.2 forbidden: do not --no-verify the pre-push floor hook,,,,,MET — verified by direct evidence,"568fc2c6's body: 'The pre-push hook refused the push: adding tests without raising a floor makes backend-floor-staleness go red... Fifth time this lane has needed the raise, and the hook has now caught it 5 of 5.' The hook blocked and the pair-edit was made rather than bypassed."
(requirement),12.2 forbidden: do not workflow_dispatch the E2E lane; do not revert video:'retain-on-failure',,,,,UNVERIFIED (no contrary evidence),No commit in the window reverts the retain-on-failure setting (`git diff 791fdf78..fb50fa6d -- .github/` touches only ci.yml and a new nearshore-validation.yml). Dispatch history is not visible from the repo; `gh run list --workflow e2e --event workflow_dispatch` would settle it.
(requirement),13.0 Do-not-start: any Tier-3 research (WS-CAN-0046 through 0051),,,,,MET,`git log 791fdf78..fb50fa6d --grep='WS-CAN-004[6-9]|WS-CAN-005[01]'` returns zero commits; all six rows still read 'Not Started' in CURRENT_TASK_REGISTER.csv.
(requirement),13.0 Do-not-start: WS-CAN-0058 (regional tile-coverage expansion),,,,,"DEVIATION — the letter is met, the outcome was pursued under a new name","The 0.25-degree lane is untouched: WORLDWIDE_REGIONS_PER_CYCLE is '3' at both fb50fa6d and 791fdf78 in .github/workflows/forecast-ingest.yml:72 and forecast-ingest-pilots.yml:72, byte-identical. But WS-CAN-0058's Intended Outcome is 'Fewer served spots resolved from the coarse global grid' and its Remaining Work names Madeira as a candidate region; fb50fa6d ships a 20-region 0.083-degree island ingestion lane covering 398 spots including Madeira, and its own body supplies the cadence and bytes figures the blocker demanded ('~4.3 min per frame', '4.63 MB/frame, ~37 MB/day'). WS-CAN-0058's row still reads 'Not Started' with an empty Program 13.0 Status column."
(requirement),13.0 Do-not-start: any deletion of the 261 runtime overrides (inventory first); any canary; Finish Line C,,,,,MET,`git log --grep='WS-CAN-0068'` and `--grep='WS-CAN-0069'` each return 0 commits; no canary work appears in the log; the Tier-3/Finish-Line-C rows are all 'Not Started'.
(requirement),"13.0 rule 7: no pushes, merges or deploys without separate authorization",,,,,DEVIATION / UNVERIFIED,"`git rev-parse HEAD origin/dev` returns the same sha (568fc2c6) — the whole window is pushed, and on this repo a dev push is a production backend deploy. main was promoted twice (COMPLETION_LEDGER_4.2.csv C4-P0-08: 'PR #9 MERGED at 15:06:27Z; origin/main ffe7a462'; origin/main now f2e98a32 '...(#12)'). No control file records a grant of push authorization. The only authorization traces are agent-authored claims: fb50fa6d's body ('Owner... asked to hold the push until the lane is ready') and evidence/AUDIT-3.1-INDEPENDENT-LANE-2026-08-15.md:169 ('after owner authorization to fix forward'). CURRENT_EXECUTION_STATE.json:48,133 still asserts pushed:false / authorization:none."
(requirement),"13.0 rule 8: preserve unrelated working-tree changes (marine_global.json / wind_global.json, 'not mine, never staged')",,,,,MET,"`git status --porcelain` at HEAD still shows ` M backend/uploads/forecast_cache/marine_global.json` and ` M backend/uploads/forecast_cache/wind_global.json` — modified, unstaged, uncommitted, exactly as CURRENT_EXECUTION_STATE.json:8-13 requires."
(requirement),13.0: 'One verified mission at a time; registers updated in place.' 'It does not produce new broad audits.',,,,,VIOLATED,"61 of 127 commits (48%) belong to a campaign with zero register rows — `grep -c -i halo` is 0 in CURRENT_TASK_REGISTER.csv and CURRENT_OBJECTIVE_REGISTER.csv. Instead, a PARALLEL 63-row C4-* namespace was created at 43ccbe07 (COMPLETION_LEDGER_4.2.csv), which calls itself 'the ONE authoritative completion ledger'; `grep -c C4- CURRENT_TASK_REGISTER.csv` = 0 and only 10 lines of the 63-row ledger mention any WS-CAN id. Four external broad audits (Master Codex 1.0/3.1/4.0/4.1/4.2) were consumed and an empty audit/weather-simulation-13.1/evidence/ tree (19 subdirectories, untracked) has been scaffolded."
(requirement),"12.2 critical-path position 4: WS-CAN-0064 EXPANDED to TWO routes (/conditions/batch AND /api/weather/grid_series, 'same visit')",,,,,PARTIALLY MET,"9d8b2ad9 repairs /conditions/batch only. `git log 791fdf78..fb50fa6d -S""grid_series""` returns no repair commit — only documentation (4950ac45, e5c68c1a, 43ccbe07). No control file records grid_series as deferred."
(requirement),"12.2 VERIFY lane V3 (read __MAP_RENDER_FPS__ on hardware GL, ~1 h) and V4 (one sustained-load run, CLOSES WS-OBJ-303)",,,,,NOT DONE,"`git log 791fdf78..fb50fa6d --grep='WS-CAN-0037'` returns only 62ae29bb, the audit-publication commit; `--grep='MAP_RENDER_FPS|sustained' -i` likewise. Both items were free, explicitly unblocked, and one of them would have closed an objective outright."
(requirement),Governance rule 16: a closure states what it did NOT establish,,,,,MET where certificates exist; MOOT where they do not,"MISSION_HISTORY.md's WS-OBJ-207 certificate lists five 'Known Limitations'; the WS-OBJ-201 re-issue lists three. But no closure certificate exists for Missions 3, 4 or 5, nor for any of the 61 halo commits — the rule cannot be graded on work that produced no certificate."
