gate,name,previous_status,current_status,trend,objectives_closed_in_window,blockers_removed,new_blockers,evidence,next_requirement
Gate 0,Program and Baseline Truth,CONDITIONAL PASS,FAIL,Regressed,0,0,"registers 4 days and 127 commits stale; ZERO of the 42 commits since 2026-08-16 reference any WS-OBJ/WS-CAN id; 'madeira' and 'island' return 0 hits in all three registers; authority map 126 commits stale while asserting it describes HEAD; 2 dangling references (WS-CAN-0068/0069 never allocated); 5 of 8 12.2 deltas dropped by omission incl. the WS-OBJ-705 reopening; HEAD advanced AND was pushed by a concurrent session DURING the audit","OBJECTIVE_CLOSURE_DELTA.csv register_integrity; CURRENT_BASELINE_MANIFEST.md section 0; CAUSAL_TRACE_PACKETS.md packet 6","MISSION 13.1-C1 node 3 - allocate an id to the halo campaign, restore WS-OBJ-705 to REOPENED, resolve the 2 dangling refs, correct the authority map header, and pin HEAD at both ends of every future session"
Gate 1,Data and Scientific Correctness,FAIL (open; blocked on WS-OBJ-202 Verification Failed),FAIL,Regressed,1 (WS-CAN-0009),0,"F1 - /conditions/batch swell_height_ft publishes VHM0 (marine.point.speed) on the DEFAULT-ON frame lane vs VHM0_SW1 on the live lane; F2 - a third EURO marine ingestion authority shipped DEFAULT ON with a refuted inertness claim; F4 - served grid is 2 deg (~223 km) at every zoom from 5 to 12 on the deployed build","SCIENTIFIC_INTEGRITY_DELTA.csv; CAUSAL_TRACE_PACKETS.md packets 1 2 4; evidence/scientific-validation/resolution-deployed568fc2c6.json","MISSION 13.1-C1 nodes 1 and 2 - repair F1, guard or disarm F2, then lift the served-resolution ceiling"
Gate 2,"State, Concurrency and Ownership",CONDITIONAL PASS,CONDITIONAL PASS,Stable,0,0,"+5 permanent MapLibre style layers per marine visit (never removed); +1 live setInterval per marine layer visit; RAF ownership non-deterministic (1 call-site after a clean load vs 4 after burn-in); layerSwitch x modelSwitch super-additive residual +84 textures / +924 buffers","LIVE_RUNTIME_VERIFICATION_MATRIX.csv; JACOBIAN_TRAJECTORY_MATRIX.csv; JACOBIAN_INTERACTION_RESIDUALS.csv","hold. The core is sound - race journey clean, zero owner multiplication, stale responses rejected under 71 in-flight requests. Batch the lifecycle repairs into one mission AFTER the resolution ceiling lifts"
Gate 3,Projection and Animation Integrity,CONDITIONAL PASS,CONDITIONAL PASS,Stable,0,0,"6 JS + 11 GLSL definitions of one Web-Mercator Y transform remain (unchanged, neither added to nor paid down); animation has no visibility-based owner (17.8 RAF/s hidden vs 18.5 /s visible)","ARCHITECTURE_CONVERGENCE_DELTA.md; jacobian-tests/local-hidden-raf.json; screenshots/blind-tour-antimeridian.png","consolidate the 17 projection definitions - this is what WS-CAN-0069 was reserved for, and that id was never allocated"
Gate 4,Regression Protection and Observability,FAIL,CONDITIONAL PASS,Advanced,3 (WS-CAN-0066 WS-CAN-0073 WS-CAN-0075),1 (WS-CAN-0066 - the live scheduled alert now states quality),"2 CI floors stale at HEAD (chain stale by 2 files / 30 tests and NO test can see it; 2 frontend floors unwatched); F3 - the source-parity instrument fabricates violations and POSTs them from production ungated","TEST_PROTECTION_QUALITY.md; CAUSAL_TRACE_PACKETS.md packet 3","replace the self-referential floor pair test with one that reads the real selector output; scope the parity instrument's third case; stop the ungated production telemetry POST until it is scoped"
Gate 5,Performance and Capacity Hardening,FAIL,CONDITIONAL PASS,Advanced,1 (WS-CAN-0064 architectural half),1 (the ~22x /conditions/batch latency repair),"the same lane that delivered 22x introduced F1; monotone fine-grained growth (style layers, timers, shader programs) measured by no test; no equivalent baseline measurement exists for any browser figure; mobile / DPR 2 / CPU-throttle / React Profiler never captured","PERFORMANCE_AND_CAPACITY_TRAJECTORY.md; evidence/blind-marks.json; jacobian-tests/","do not cite the 22x as validating the frame lane until F1 is repaired; capture the missing conditions listed in OPEN_EVIDENCE_GAPS.md"
Gate 6,Data Modernization,NOT STARTED,NOT STARTED,Stable,0,0,none,STATE_OF_THE_ART_PATH_CHECK.md,"DEFER - Zarr/Kerchunk solves a storage-format problem the audit did not find. The served-resolution ceiling is an ingestion/serving-tier question"
Gate 7,Nearshore and Surf Modeling,NOT STARTED,NOT STARTED (core landed and is correctly dark),Stable,0,0,none,"SCIENTIFIC_INTEGRITY_DELTA.csv - the WS-CAN-0076 nearshore outcome loop is imported by NOTHING under backend/routes or backend/services, confirmed from code","CONTINUE DARK. Do not wire it until Gate 1 closes. This is the single best-behaved new subsystem in the window"
Gate 8,AI-Assisted Forecast Enhancement,NOT REQUIRED FOR CURRENT PRODUCT SCOPE,NOT REQUIRED FOR CURRENT PRODUCT SCOPE,Stable,0,0,none,STATE_OF_THE_ART_PATH_CHECK.md,"REJECT for now - Gate 1 is failing and a published field currently carries two meanings. An AI correction layer over an ambiguous quantity multiplies the ambiguity"
