Canonical ID,Title,Category,Intended Outcome,Source Audits,First Proposed,Most Recent Mention,Severity,Implementation State,Verification State,Current Disposition,Implementation Commits,Current Files / Symbols,Evidence At HEAD (this audit),Remaining Work,Release Gate,Dependencies,Program Objective ID,Audit 12.1 Disposition Note,Program 13.0 Status
WS-CAN-0001,"Marine fallback churn loop: clear the stale engine global, gate the backstop, add terminal truth stages",Defect repair,Bounded recovery; no unbounded re-drive of a disposed engine,11.0 R11-01 / Codex F-01,2026-08-09,2026-08-09,P2,Implemented and Active,Verified Current,Keep as Complete,512b1cb6..9fe18414,WebGLMarineEngine.js:3199-3200 (identity-guarded null); useMarineScrubSettle.js:91 (webglMarineFailed gate); weatherTruthTracker.js:428 (chainCancelled),All three seams present at HEAD; grep-verified,Mounted integration test with fake time was specified; not separately confirmed,Gate 2,,see OBJECTIVE_TO_TASK_TRACEABILITY.csv,Carried forward unchanged from Audit 12.0; not re-verified by Audit 12.1.,
WS-CAN-0002,Port the Python swell-energy-share refusal into the JS rating mirror,Scientific correctness,JS and Python agree across the 0.50 gate before SURF_PARTITIONS can flip,11.0 R11-02 / Codex F-04 / prior master,2026-08-08,2026-08-09,Release-blocker-on-flip,Implemented and Active,Verified Current,Keep as Complete,512b1cb6..9fe18414 (action 6),"frontend/src/components/map/surfRating.js:109-116,142 MIN_SWELL_ENERGY_SHARE = 0.50","Constant present, refusal present, mirrors surf_rating.py:444,475. SURF_PARTITIONS still defaults ""0""",Confirm the counter-pinning JS test was updated and goldens extended across 0.4525/0.50/0.5525,Gate 1,,see OBJECTIVE_TO_TASK_TRACEABILITY.csv,Carried forward unchanged from Audit 12.0; not re-verified by Audit 12.1.,
WS-CAN-0003,"Stamp the running build on truth events, telemetry and the client-diagnostics POST",Observability,A truth event is release-attributable in isolation,11.0 R11-03 / Codex F-02,2026-08-09,2026-08-09,P2,Implemented and Active,Verified Current,Keep as Complete,512b1cb6..9fe18414 (action 5),"weatherTruthTracker.js:8,204; WeatherTelemetry.js:8,282",import { BUILD_VERSION } and build: BUILD_VERSION present in both,None,Gate 0,,see OBJECTIVE_TO_TASK_TRACEABILITY.csv,Carried forward unchanged from Audit 12.0; not re-verified by Audit 12.1.,
WS-CAN-0004,Serialize run/provenance fields onto grid_series frames + a per-response run census,Observability / data truth,Mixed-run pages are detectable at a glance,11.0 R11-04 (serialization half),2026-08-09,2026-08-09,High,Implemented and Active,Verified Current,Keep as Complete,512b1cb6..9fe18414 (action 4),"grid_series_helper.py:58-63 (run_time/upstream_provider/estimate_basis), :428-434 (run_census)",Fields and census present at HEAD,None for this half,Gate 1,,see OBJECTIVE_TO_TASK_TRACEABILITY.csv,Carried forward unchanged from Audit 12.0; not re-verified by Audit 12.1.,
WS-CAN-0005,"True model-cycle identity: thread cycle_dt as run_time, keep wall-clock as ingested_at, key L1 by run",Data truth,"run_time means the model cycle, not the ingest wall clock",11.0 R11-04 (cycle half),2026-08-09,2026-08-12,High,Not Started,Verification Failed,Repair,-,store_helpers.py:81-86 _build_product_filename (valid_time only); normalizer.py:142-144; scheduler.py _pick_cycle discards cycle_dt,"PRODUCTION 2026-08-12: /api/weather/point returned run_time 2026-08-12T12:59:41Z for product gfs_marine_waves_hawaii_20260812T180000Z.json. The 18Z cycle cannot exist at 12:59Z: run_time is provably ingest time || 12.1 SCOPE FINDING 2026-08-13: NOT a one-sitting change and a PARTIAL fix is worse than none. run_time is non-Optional on THREE schemas, and ZERO callers pass run_time= into the normalizer, so normalizer.py:143-144 defaults every product in the system to now(). Threading cycle_dt now would leave new products carrying the model cycle while the 22,843 stored ones carry the ingest clock, WITH NOTHING ON THE WIRE TO DISTINGUISH THEM -- the one-quantity-two-meanings class. Staged plan required: (1) add ingested_at additively, (2) thread cycle_dt from the 7 _pick_cycle fetchers, (3) a provenance marker or the L1 run component so a consumer can tell which semantic a product carries, (4) cache rotation. Steps 3-4 are the owner-facing ones.",Thread cycle_dt from the fetchers; add a run component to the L1 filename; add ingested_at,Gate 1,,WS-OBJ-202,"RE-CONFIRMED 12.1 (LV-05) with a stronger control: four points at four geographies served from THREE different tiles all return run_time 2026-08-13T12:57:54.313295Z, identical to the microsecond. Independently ingested products cannot share a model cycle to six decimals. Also byte-identical on /spot-ratings (LV-06), so the defect spans two endpoints. wind_run_time is a second, different wall clock.","RE-CONFIRMED 2026-08-14 with the strongest control yet: 87 live spots share run_time 2026-08-14T12:50:59.674525Z to the MICROSECOND, and wind_run_time is a second differing wall clock (13:20:39.708395Z). 12:50:59 is not a 00/06/12/18Z cycle. STILL BLOCKED - staged plan required, steps 3-4 owner-facing. NEW: this also BLOCKS the run_time DISPLAY half (see BLOCKERS_AND_DECISIONS.md D-2)."
WS-CAN-0006,"Simulator model contract: thread a validated model enum through all six MCP tools, caches, overrides and provenance - or label every answer GFS-only",Contract / disclosure,A sim answer names the model it came from,11.0 R11-05 / Codex F-03,2026-08-09,2026-08-09,P2 latent / P1 on any model work,Not Started,No Evidence Located,Investigate,-,"sim_forecast.py:55 import-time MODEL; _FORECAST_CACHE key (lat4,lng4,valid_time); sim_observed.py:79,205-206 parity omits model",Not re-verified at HEAD by this audit,"Contract decision first (owner), then one atomic change",Gate 1,,see OBJECTIVE_TO_TASK_TRACEABILITY.csv,Carried forward unchanged from Audit 12.0; not re-verified by Audit 12.1.,
WS-CAN-0007,Retire or pin the ICON >168 h client blend so one hour has one composition,Architecture consolidation,One composition per forecast hour,11.0 R11-06,2026-08-09,2026-08-09,High,Not Started,Verification Failed,Complete Remaining Work,-,"backendWeatherServiceClient.js:272 if (model === ""ICON"" && hourOffset > 168)",Client blend still the unconditional per-hour path at HEAD,"Serve the backend-baked estimates through the per-hour lane, or stamp identity on the blend",Gate 1,,see OBJECTIVE_TO_TASK_TRACEABILITY.csv,Carried forward unchanged from Audit 12.0; not re-verified by Audit 12.1.,
WS-CAN-0008,Worker crash handling: onerror + reply ordering + stop zero-filling truncated arrays,Reliability,A worker crash cannot silently freeze a lane for the session,11.0 R11-07,2026-08-09,2026-08-09,High,Implemented and Active,Partially Verified,Complete Remaining Work,512b1cb6..9fe18414 (action 7),useGridWorker.js:42 onerror = onmessageerror; :68 re-create on next use,onerror present at HEAD,Reply-ordering test (R11-14.3) still specified and unconfirmed,Gate 3,,see OBJECTIVE_TO_TASK_TRACEABILITY.csv,Carried forward unchanged from Audit 12.0; not re-verified by Audit 12.1.,
WS-CAN-0009,HTTP status honesty on /conditions/*: stop returning 200 with an error body and stop leaking str(e),Reliability,A failure is a failure on the wire,11.0 R11-07 / prior master 3.13,2026-08-08,2026-08-09,High,Not Started,Verification Failed,Repair,-,"backend/routes/surf_data/conditions.py:94,172,176,212,216,270,274,327,331","NINE 200-with-error return sites at HEAD, four of them returning raw str(e)",Map failures to real status codes with a client-contract check first,Gate 1,,WS-OBJ-103,"Unchanged at HEAD: nine 200-with-error sites, four returning raw str(e). 12.1 ADDS: this same file serves /api/conditions/batch, the worst route in the system by median latency (WS-CAN-0064). Scope the two together - one visit to conditions.py should close both.",
WS-CAN-0010,Measure-or-refuse on the three fabricated status surfaces,Observability,A health surface never reports a number it did not measure,11.0 R11-08,2026-08-09,2026-08-12,Medium (High trust),Fully Delivered,Verified Current,Keep as Complete,512b1cb6..9fe18414 (action 7),"routes/weather.py:677-700 (status now refuses, with a pointer); routes/admin/system.py:486-523 (api-metrics now reads request_telemetry); STILL OPEN routes/admin/system.py:208","CLOSED 2026-08-13. The THIRD and last fabricated status surface. error_rate = 0.5 # Placeholder (invented 9857405a, 2026-05-02) fed a user-visible health verdict, so /admin/system/health reported a healthy API during any outage. Extracted to measured_error_rate_percent(), mirroring the already-repaired sibling at system.py:486: serve request_telemetry 5xx rate, return None when telemetry is off or the process is fresh, and the consumer now emits status not_instrumented rather than collapsing None into healthy. 4 tests; mutation to the 0.5 placeholder fails them.",None. All three R11-08 surfaces are now measure-or-refuse.,Gate 1,,WS-OBJ-506,"system.py:208 error_rate = 0.5 # Placeholder still live at HEAD. 12.1 ADDS a FOURTH fabricated surface of the same shape, client-side: WS-CAN-0063. Grade them together.",
WS-CAN-0011,dt-normalized particle advection in both WebGL engines,Performance / correctness,Motion is hardware-independent,11.0 R11-09,2026-08-09,2026-08-09,Medium,Not Started,No Evidence Located,Defer,-,WebGLWindEngine.js:540-544; WebGLMarineEngine.js:2166,No dt/deltaTime term found in WebGLWindEngine.js at HEAD,"Prototype behind a kill switch pinning dt=1, with an A/B",Gate 6,WS-CAN-0037,see OBJECTIVE_TO_TASK_TRACEABILITY.csv,Carried forward unchanged from Audit 12.0; not re-verified by Audit 12.1.,
WS-CAN-0012,"Port marine four shipped invariants to the wind engine (device tier, reduced-motion, OOB cull, in-place reseed)",Accessibility / correctness,The two engines stop drifting apart,11.0 R11-09,2026-08-09,2026-08-09,Medium,Partially Implemented,Partially Verified,Complete Remaining Work,2e20122d..086ee773 (device-tier pool + prefers-reduced-motion),WebGLWindEngine.js,Two of four ported per the 11.0 batch-2 receipt; OOB cull and in-place reseed not re-verified here,Port the remaining two; confirm all four,Gate 3,,see OBJECTIVE_TO_TASK_TRACEABILITY.csv,Carried forward unchanged from Audit 12.0; not re-verified by Audit 12.1.,
WS-CAN-0013,"GPU lifecycle hygiene batch (Promise-as-geojson, score-texture dispose, rollback, accounting, texture units 0-6)",Defect repair,"No mask poisoning, no per-dispose leak, no accounting drift",11.0 R11-10,2026-08-09,2026-08-09,Medium,Implemented and Active,Verified Historically but Not Current,Keep as Complete,512b1cb6..9fe18414 (a) + 2e20122d..086ee773 (b/d/e),WebGLMarineLayer.js:664; disposeEngine; WebGLStateIsolation,Receipted in 11.0 batches 1-2; not independently re-verified by this audit,Independent re-verification of (c) the encoder error-rollback,Gate 2,,see OBJECTIVE_TO_TASK_TRACEABILITY.csv,Carried forward unchanged from Audit 12.0; not re-verified by Audit 12.1.,
WS-CAN-0014,Populate the numeric resolution field on point responses,Data truth,Consumers can tell a 0.25 grid from a 10 degree resample,11.0 R11-10 / Codex F-08 / 11.2 RC-05,2026-08-09,2026-08-12,Medium,Fully Delivered,Verified Current,Keep as Complete,-,NormalizedPointResponse.resolution; point_resolution.py deduce_grid_resolution exists but is not stamped on the response,"CLOSED 2026-08-13. res_val was ALREADY computed at point_resolution.py:279 for a bounds check and then discarded two lines before the response was built. Fixed at the SINGLE PRODUCER rather than the 3 call sites: sampler.py now owns deduce_grid_resolution (point_resolution delegates, so the quantity has one definition not two) and every NormalizedPointResponse construction stamps resolution_or_none(product.grid). 0.0 is deduce_grid_resolution's could-not-tell and reaches the wire as None, never as a fabricated 0-degree grid. 5 tests incl. a class guard asserting EVERY response construction stamps it, with a positive control so a rename reddens rather than passes vacuously; mutations (un-stamp a site / emit 0.0) each fail it.","None on the producer. FOLLOW-UP, not blocking: backendWeatherServiceClientDiag.js:203-210 still derives resolution client-side with a resolutionSource label. Retire that derivation only after a deployed payload is confirmed non-null, so the fallback outlives the bug rather than the reverse.",Gate 1,,WS-OBJ-203,RE-CONFIRMED 12.1 (LV-05): resolution null at ALL FOUR geographies including the two inside_regional_tile responses where the value is known to the resolver. Unchanged one day after 12.0.,
WS-CAN-0015,"Readout and legend truth batch (rain unit label, wind legend from the shader ramp, equal-value ticks, cross-fall slot sampling, one nearshore display policy, ft/m in infobox cards, radar legend)",User-facing truth,"The number, the colour and the label agree",11.0 R11-11,2026-08-09,2026-08-12,Medium (High for label errors),Partially Implemented,Partially Verified,Complete Remaining Work,2e20122d..086ee773 (rain label); 6568d94b (wind legend + equal-value ticks),heightUnits.js:9 M_TO_FT=3.28084 (drifted 3.281 retired 2026-08-09); MapWeatherControls.js:48-50,Two of seven shipped and receipted; the ft/m infobox threading and cross-fall slot sampling remain named open clocks in project memory,"Remaining five items, chiefly cross-fall slot-URL sampling and the single nearshore display policy",Gate 1,,see OBJECTIVE_TO_TASK_TRACEABILITY.csv,Carried forward unchanged from Audit 12.0; not re-verified by Audit 12.1.,
WS-CAN-0016,"Forecast-hour zero: unify on floor, derive the scrubber label from the served frame, store base_time per page",User-facing truth,The label describes the frame on screen,11.0 R11-12,2026-08-09,2026-08-09,Medium,Not Started,No Evidence Located,Defer,-,grid_series_helper.py:322; spot_ratings.py:573; getSharedValidTime; MapWeatherControls.js:327-331,Not re-verified at HEAD by this audit,Prototype - it changes visible label behaviour,Gate 1,,see OBJECTIVE_TO_TASK_TRACEABILITY.csv,Carried forward unchanged from Audit 12.0; not re-verified by Audit 12.1.,
WS-CAN-0017,"Pipeline integrity chain: end-to-end checksum, byte-count/Range validation, register-after-upload-confirm, L1 revalidation, non-silent reconcile, working retention prune, CAS on the spot-ratings key",Reliability,A corrupted or truncated product cannot be served as authoritative,Prior master 3.13 / 11.0 R11-13,2026-08-08,2026-08-12,Medium (compounding),Not Started,Verification Failed,Repair,-,_fetch_message_bytes x3; store.py; store_helpers.py,"Only two hashlib uses in the whole backend pipeline: an md5 rollout bucket and store_helpers.py:427, which is a manifest-restore SKIP optimisation, not a product integrity checksum","The whole chain; start with byte-count/Range validation (one site, three copies)",Gate 1,,see OBJECTIVE_TO_TASK_TRACEABILITY.csv,Carried forward unchanged from Audit 12.0; not re-verified by Audit 12.1.,
WS-CAN-0018,Executed-GL pixel harness: a real readPixels oracle that fails on a mirrored or blank field,Test coverage,"Shader output is asserted, not source-substring-matched",11.0 R11-14,2026-08-09,2026-08-09,Medium,Implemented but Inactive,Verification Failed,Complete Remaining Work,ece2c36a,"frontend/e2e/weather-simulation.spec.js:541-578, frontend/e2e/pngPixels.js","The oracle EXISTS and is written, but line 578 is test.fixme(...) with an in-file comment: ""ships as DOCUMENTED WORK-IN-PROGRESS, never reds CI"". It cannot fail. 1 fixme vs 5 live tests in the file","Reach three headed greens and un-fixme it, or delete it. Until then it is a test that cannot fail",Gate 3,,WS-OBJ-502,"Still 2 test.fixme occurrences at HEAD. 12.1 CONFIRMS the slot is dead from the other side: the now-green E2E lane reports ""52 tests, 47 passed, 5 skipped"" - the oracle is inside the skipped 5 (LV-02).",
WS-CAN-0019,Canvas-hash assertion that changing the hour changes the rendered frame,Test coverage,The four hold/dedup mechanisms cannot jointly freeze the picture undetected,11.0 R11-14,2026-08-09,2026-08-09,Medium,Implemented but Inactive,Verification Failed,Complete Remaining Work,ece2c36a,Same fixme block,Folded into the same test.fixme,Same as WS-CAN-0018,Gate 3,WS-CAN-0018,WS-OBJ-502,Folded into the same fixme block. See WS-CAN-0018.,
WS-CAN-0020,"Client-to-server telemetry uplink (fixed cardinality, modelled on request_telemetry)",Observability,Frontend incidents stop being diagnosed by asking a user to paste console output,11.0 R11-15,2026-08-09,2026-08-12,Medium (highest-leverage single instrument),Not Started,Verification Failed,Complete Remaining Work,-,TruthOverlay.js:141 is still the only client-to-server transport in the system,Grep at HEAD finds exactly one fetch to /weather/client-diagnostics; both halves of the uplink exist unbuilt,Build it; the server-side aggregation pattern already exists,Gate 4,,WS-OBJ-504,BLOCKED BY A NEW PREREQUISITE: WS-CAN-0063. TruthOverlay.js:141 is the only transport and its fps field fabricates. Do not scale a transport that reports 60 when the render is frozen.,
WS-CAN-0021,Rotate the two committed credentials in BRAIN_RULES.md and move them to env,Security governance,No live credential in git history-reachable content,11.0 R11-16 / Codex F-05,2026-08-09,2026-08-12,P1 governance,Not Started,Verification Failed,Repair,-,BRAIN_RULES.md,The file still matches credential patterns at HEAD (values not reproduced here). History retains them regardless of any future edit,"OWNER: rotate provider-side, move to env, secret-scan all refs",Gate 0,,see OBJECTIVE_TO_TASK_TRACEABILITY.csv,Carried forward unchanged from Audit 12.0; not re-verified by Audit 12.1.,
WS-CAN-0022,Render-lifecycle residuals: cancel the always-on WeatherTelemetry FPS RAF loop; userTier zombie shutdown; cross-component canvas clear; persisted force_*_fallback keys,Defect repair,No module-import RAF that runs on every screen forever,11.0 R11-17,2026-08-09,2026-08-12,Low-Medium,Not Started,Verification Failed,Repair,-,WeatherTelemetry.js:397-399,requestAnimationFrame(loop) at :397 and :399 with ZERO cancelAnimationFrame anywhere in the file at HEAD,Add a cancel path; then the other three residuals,Gate 2,,WS-OBJ-301,"FIRST LIVE RUNTIME CONFIRMATION 12.1 (LV-04): __RAW_GPU__.activeRafCount = 1 with activeLayers = [] on /map. A RAF loop runs with no weather layer active, exactly as the module-import side effect predicts. Previously grep-only.",
WS-CAN-0023,Weather-sim parity: disclose reference_size_m and grade on the glyph disclosed reference,Scientific correctness,"A parity red means a composition difference, not a moving-input artifact",11.0 R11-18,2026-08-09,2026-08-12,Medium,Implemented and Active,Verified Current,Keep as Complete,32bd579c; fee36d57..6568d94b,Sim parity probe; glyph payload reference_size_m,Production point response at HEAD carries reference_size_m: 1.789. Sim Parity Monitor GREEN on its 2026-08-12T18:09Z scheduled run,None - but see WS-CAN-0024 for the surviving band/glyph question,Gate 1,,WS-OBJ-201,RE-VERIFIED 12.1 (LV-06): reference_size_m present on all 24 spots of a live bbox (0.799-0.867).,
WS-CAN-0024,Isolate the per-cell composition sub-term behind the close-zoom rating band vs spot glyph divergence,Scientific correctness,The band and the glyph answer the same question or say they do not,11.0 S16 measurement / queue E#1,2026-08-09,2026-08-12,Medium,Not Started,Partially Verified,Investigate,-,grid_resolver_surf.py:104 reference_for; surf_point.resolve_surf_geometry,Measured 2.3-2.7x over-read at close zoom across three spots; four candidate causes killed by measurement; the binding sub-term is still not isolated,A per-cell geometry dump alongside the score. DO NOT TUNE EITHER LANE FIRST,Gate 1,,see OBJECTIVE_TO_TASK_TRACEABILITY.csv,Carried forward unchanged from Audit 12.0; not re-verified by Audit 12.1.,
WS-CAN-0025,External uptime probe on /api/health and the monitor endpoint,Observability / reliability,Instrument delivery is itself measured,11.0 action 1 (P0),2026-08-09,2026-08-12,P0,Implemented but Inactive,Verified Current,Complete Remaining Work,uncommitted working tree 2026-08-12 (2 files),"backend/scripts/uptime_probe.py (231 LOC, stdlib only); backend/tests/test_uptime_probe.py (13 tests, estate lane)","BUILT AND PROVEN LIVE 2026-08-12. Three-way discrimination against real targets, not fixtures: production -> OK exit 0; example.com (live host, wrong API) -> RED exit 1 'SERVICE DOWN HTTP 404'; unreachable host -> REFUSED exit 3. Live production run: healthy, build 3bc776d9, 706 ms, 22114 products, calibration age 0.5 h. TIMEOUT IS MEASURED: /api/health p50 1.0 s but p99 30.4 s (n=113), so liveness times out at 60 s (~2x p99) and latency WARNS at 10 s but never pages -- a 30 s timeout would page on the platform's own tail. GRADES THE BODY, not the status code: zero products with HTTP 200 is a total outage a naive check reports as healthy. DEFECT FOUND IN ITSELF: urlopen RAISES on 4xx/5xx, so the first _get turned every 503 into 'unreachable' and would have answered REFUSED for the one thing the probe exists to detect. The positive-control test was GREEN throughout -- it proved the assertion, nothing could reach it with a 503. Fixed and pinned by a mutation-verified regression test (reverting the fix fails exactly that test, 1 failed / 12 passed). 13/13 pass; estate lane claims the file (tracked 490->491); LOC ratchet clean","OWNER, one action: create a free heartbeat URL (healthchecks.io / cronitor / Better Stack) and schedule the probe ANYWHERE THAT IS NOT GITHUB ACTIONS with --ping-url <url>. The dead-man's-switch inversion is what makes the alerting stop depending on this probe, this repo, this machine or GitHub -- which is the entire point of the task. A GitHub-hosted probe would reproduce the defect it exists to measure (cron delivery 5-32% of nominal)",Gate 0,,WS-OBJ-505,COMMITTED post-12.0 at f8825291 (the 12.0 register recorded it as uncommitted). Still not scheduled anywhere off GitHub. OWNER: one heartbeat URL.,
WS-CAN-0026,Add a persistence and Open-Meteo paired row to the accuracy monitor RED criterion,Scientific validation,The gate grades the quantity that matters,11.1 SOFTWARE_JACOBIAN_DELTA / T-CP6-04,2026-08-10,2026-08-12,HIGH,Fully Delivered / Operational,Verified Current,Complete - Awaiting Owner Decision,uncommitted working tree 2026-08-12 (3 files),"forecast_accuracy_monitor.py: SKILL_FLOOR_SOURCES / PUBLIC_REFERENCE_SOURCES, _gradeable(), _loses(), evaluate_scored_segment(paired=, cfg=); PAIRED_GRACE_DEFAULT=2026-08-22T00:00:00Z; kill ACCURACY_PAIRED_GATE=0; .github/workflows/forecast-accuracy-monitor.yml passes 4 new tunables","BUILT AND TESTED 2026-08-12. 10 new tests (T1..T7) all failed before the change and pass after; 22/22 monitor + 35/35 forecast_skill green; LOC ratchet ""No new violations""; workflow YAML parses. RV-05 replay on REAL production rows: 08-10 data (run 31426692621) = OK armed and unarmed (we BEAT persistence then, 0.181 vs 0.199); 08-12 data (run 31606511901) = WARN today, RED once armed, on the +24h skill floor. Controls: kill switch OK, positive control OK, missing persistence row REFUSED, +72h persistence correctly ungradeable (POPULATIONS DIVERGE 371 vs 1728). Scientific control RV-03 vs RV-06 at identical valid_time: 56 of 57 keys byte-identical, 0 forecast-bearing differences, surf_height_m 0.9642 unchanged","OWNER DECISION on the persistence floor before 2026-08-22: on 08-12 data the armed gate PAGES (+24h, delta +0.007 m, win 46%). Per the packet stop condition the threshold was NOT tuned until it passed. Then: (1) observe one cron cycle in the warn-only window, (2) commit + push (every push to dev is a production backend deploy - batch it), (3) confirm the first armed scheduled run",Gate 1,,WS-OBJ-501,"CORRECTION TO 12.0: the code was COMMITTED at 2ac9631f 2026-08-12T16:22:20, FIFTY-TWO SECONDS before 12.0 own publication commit 3bc776d9 - see CF-02. The register field ""uncommitted working tree"" was false when written. LIVE AT HEAD (LV-03): run 31710210215 emits SKILL FLOOR BREACHED at +24h [pages after 2026-08-22]. AND THE DEFICIT WIDENED: persistence +24h delta +0.007 -> +0.015, win 46% -> 44%, on n grown 1790 -> 2483. 12.0 ""the gap is narrowing"" is REFUTED. Only an OWNER threshold decision remains.",
WS-CAN-0027,Enable Playwright video capture (and upgrade 1.60 to 1.62) to close the recording evidence gap,Test / evidence infrastructure,"A temporal defect can be seen, not only described","11.0 SOTA table (named ""this audit's single largest evidence gap"", B-01)",2026-08-09,2026-08-12,Medium,Fully Delivered,Verified Current,Keep as Complete,-,frontend/playwright.config.js:32-36; frontend/package.json:109,"CLOSED 2026-08-13. video: retain-on-failure added to playwright.config.js use{}. FORENSIC NOTE: git log -S video on that file returned NOTHING -- the key had NEVER existed, across 5 audits that each disclosed the gap. VERIFIED AS THE PACKET SPECIFIED, with a positive control: a DELIBERATE failing test retains video.webm; the PASSING control retains nothing; and the file reaches playwright-report/data/*.webm, which is the exact path e2e.yml:177 uploads. Cause of the 5-audit gap is now known and is NOT negligence: an agent browser pane does not composite frames, so only Playwright own browser can produce media.","None. DELIBERATE DEVIATION FROM THE PACKET: the +1.60->1.62 bump was NOT done. Video is supported since Playwright 1.10, so the bump is not required for this objective, and the E2E lane has only just reached 5 consecutive greens after 6-pass/28-fail -- a framework bump changes the lockfile and every browser binary for no demonstrated benefit. Reopen only with a named 1.62 fix this objective needs.",Gate 3,WS-CAN-0059 (fix the lane before recording it),WS-OBJ-503,"BLOCKER CLEARED. Its dependency WS-CAN-0059 is CERTIFIED CLOSED (LV-02, five consecutive completed greens). At HEAD playwright.config.js still has no video key and @playwright/test is ^1.60.0. THIS IS THE AUTHORIZED NEXT MISSION. LV-08 gives the mechanism for six audits of zero recordings: an agent browser pane does not composite frames, so only Playwright own browser can produce them.",
WS-CAN-0028,"Synthetic canonical field harness (uniform E/W/N/S, vortex, checkerboard) through the real render path",Test coverage,"Row reversal, UV flip and handedness are verified in BOTH directions",11.2 Gate 2 residue; 11.3-draft session Mission A,2026-08-11,2026-08-12,HIGH,Not Started,No Evidence Located,Complete Remaining Work,-,frontend/e2e/,"Named by the 11.3-draft session as ""the largest true unknown in the system"" and ranked highest information gain per hour. Never started",Build it (~1 day estimated by the session that scoped it),Gate 1,WS-CAN-0027,see OBJECTIVE_TO_TASK_TRACEABILITY.csv,Carried forward unchanged from Audit 12.0; not re-verified by Audit 12.1.,
WS-CAN-0029,Correct freshness_sec: the declared 1800 s budget no tier has ever met,Data truth,A staleness flag means staleness,11.3-draft session (Mission C),2026-08-11,2026-08-12,Medium,Not Started,Verification Failed,Repair,-,freshness_sec on point/grid responses,PRODUCTION 2026-08-12: /api/weather/point returns freshness_sec: 1800 unchanged. The session that diagnosed it measured 98 percent of triples exceeding it while nothing was older than 1.72 h,"Pin the true cadence with two samples, then an owner decision on the value",Gate 1,,WS-OBJ-202,RE-CONFIRMED 12.1 (LV-05): freshness_sec 1800 identical at all four geographies across three different tiles and two ingest paths. A constant is not a measurement.,
WS-CAN-0030,Finish T-1: make TRUTH VIOLATIONS consume parity status in EVERY path,Observability,The HUD cannot read green while a sibling instrument disagrees,11.2 handoff 5.2; 11.3-draft session (Mission B),2026-08-11,2026-08-11,Medium,Partially Implemented,Partially Verified,Complete Remaining Work,-,forecastDiagnostics.js:328-354; TruthOverlay.js,"The REFUSE third state SHIPPED (parityStatus, unsampledReasons at forecastDiagnostics.js:341-354). Whether every path consumes it was not re-verified here","The last mile, scoped by its own author at ~2 h",Gate 2,,see OBJECTIVE_TO_TASK_TRACEABILITY.csv,Carried forward unchanged from Audit 12.0; not re-verified by Audit 12.1.,
WS-CAN-0031,Repair the verdict-cache guardrail so content mutations of a cache hit fail,Test integrity,A cache that inverts the mask cannot ship green,11.4 Gate C / AUTHORIZED_NEXT_GATE_PACKET Stages 1-2,2026-08-12,2026-08-12,P1 (as published),Implemented and Active,Verified Current,Keep as Complete,ecfc1077,"marineMaskShelter.wrapper.test.js:159-162 (created[before]), :378-400","RV-04, THIS AUDIT: mutations M9 (hit returns all-one) and M8 (hit returns all-zero) applied at HEAD in an isolated worktree BOTH CAUGHT, 2 failed / 52 passed of 54 each. Unmutated control 54/54. Audit 11.4 Gate C (FAIL, 6 of 10 survive) is REFUTED at HEAD, and its own MUTATION_RESULTS_FINAL_10of10.json already said so in the same commit",Stage 3 only: an explicit non-vacuity guard inside the byte-identity assertion,Gate 3,,see OBJECTIVE_TO_TASK_TRACEABILITY.csv,Carried forward unchanged from Audit 12.0; not re-verified by Audit 12.1.,
WS-CAN-0032,Settle-debounce promotion for the ocean-mask classifier,Performance,Removes ~27 percent of panning classifier cost,Gate 6 series,2026-08-12,2026-08-12,Medium,Implemented in Shadow Mode,Partially Verified,Preserve but Do Not Modify,"85e3f1fb, 84c3fd60",marineMaskShelter.js:269-282 _shelterSettleGate,"DEFAULT-OFF by its author's explicit instruction (""MUST NOT be promoted yet""). A deferral leaves the mask un-suppressed for that frame: a visible-behaviour change behind a perf flag",A human must look at a pan before promotion. Do not promote without it,Gate 6,,see OBJECTIVE_TO_TASK_TRACEABILITY.csv,Carried forward unchanged from Audit 12.0; not re-verified by Audit 12.1.,
WS-CAN-0033,Non-monotonic z8/z9/z10 tier selection changes the served value at a fixed coordinate,Defect repair,Product selection is deterministic and disclosed,"11.0 SOFTWARE_JACOBIAN_MATRIX (""the strongest single lead"") / 11.2 RC-03",2026-08-09,2026-08-11,Critical (11.2 classification),Not Started,Verification Failed,Repair,-,Tier selection in the marine fetch ladder,Layer off-on x3 at a fixed coordinate gave 0.64/6.8 -> 0.44/3.1 -> 0.64/6.8. 11.2 records it survived the entire 11.1 window unrepaired. Not independently re-measured by this audit,Make selection deterministic; disclose the tier,Gate 1,,see OBJECTIVE_TO_TASK_TRACEABILITY.csv,Carried forward unchanged from Audit 12.0; not re-verified by Audit 12.1.,
WS-CAN-0034,"Provenance class must be a function of more than isEstimated, with a cannot-determine state",User-facing truth,The HUD cannot say AUTHORITATIVE NATIVE during a total load failure,11.2 RC-01,2026-08-11,2026-08-12,Critical (11.2 classification),Implemented and Active,Verified Current,Keep as Complete,post-11.2,TruthOverlay.js:274-286: NO DATA / UNVERIFIED SOURCE / ESTIMATED FALLBACK / SUBSTITUTED SOURCE / RESOLUTION UNKNOWN / COARSE n GRID / AUTHORITATIVE NATIVE,"Seven states at HEAD, gated on gridVectorCount, productId, isEstimated, isSubstituted and resolutionDeg","None. NOTE: its resolution input relies on backendWeatherServiceClientDiag.js:203-210 deriving from served grid bounds, because WS-CAN-0014 never landed",Gate 1,WS-CAN-0014,see OBJECTIVE_TO_TASK_TRACEABILITY.csv,Carried forward unchanged from Audit 12.0; not re-verified by Audit 12.1.,
WS-CAN-0035,Parity gate must REFUSE when either side is unsampled,Observability,Absence stops being encoded as agreement,11.2 RC-02,2026-08-11,2026-08-12,Critical (11.2 classification),Implemented and Active,Verified Current,Keep as Complete,post-11.2,"forecastDiagnostics.js:288-354 (unsampled, parityStatus, unsampledReasons)","Third state present at HEAD. The separate ~10-week orphaned read (renderedVectorCount / renderedNonzeroCount, which nothing wrote) is ALSO fixed: forecastDiagnostics.js:48 now reads webglSourceVectorCount, with the history documented in-file at :15-31",None,Gate 1,,see OBJECTIVE_TO_TASK_TRACEABILITY.csv,Carried forward unchanged from Audit 12.0; not re-verified by Audit 12.1.,
WS-CAN-0036,"Detection, disclosure and recovery on weather request failure",Reliability,A total load failure is visible to the user and the system,11.2 RC-04,2026-08-11,2026-08-11,Critical (11.2 classification),Partially Implemented,Partially Verified,Complete Remaining Work,post-11.2 (NO DATA class),TruthOverlay.js provenanceClass NO DATA branch,The disclosure half is now reachable (gridVectorCount 0 -> NO DATA). Detection and recovery were not re-tested by failure injection in this audit,Re-run 11.2 failure injection against HEAD,Gate 2,,see OBJECTIVE_TO_TASK_TRACEABILITY.csv,Carried forward unchanged from Audit 12.0; not re-verified by Audit 12.1.,
WS-CAN-0037,"Build a frame harness (Playwright headed, visible viewport) so frame rate is measurable at all",Test infrastructure,Unblocks every retracted FPS reading,11.2 (FPS retraction) / 11.3-draft Mission D,2026-08-11,2026-08-12,Medium,Not Started,Verification Failed,Complete Remaining Work,-,frontend/playwright.config.js (4 browser projects already configured),"FRAME RATE IS UNMEASURABLE IN THE BROWSER PANE (RAF 1 frame / 5 s, unfocused-tab throttling). All FPS readings in the program are retracted. No headed harness exists",Estimated half a day by the session that scoped it,Gate 3,WS-CAN-0027,see OBJECTIVE_TO_TASK_TRACEABILITY.csv,Carried forward unchanged from Audit 12.0; not re-verified by Audit 12.1.,
WS-CAN-0038,Reconcile DO_NOT_ADVANCE_ITEMS against the live gate matrix,Governance,The next session does not re-measure closed gates,11.3-draft Mission E,2026-08-11,2026-08-12,Low,Not Started,No Evidence Located,Complete Remaining Work,-,audit/weather-simulation-11.2/DO_NOT_ADVANCE_ITEMS.md,Scoped at five minutes by the session that named it. Superseded in form by this audit: 12.0 IS the reconciliation,Merge into the 12.0 canonical register and retire the standalone file,Gate 0,,see OBJECTIVE_TO_TASK_TRACEABILITY.csv,Carried forward unchanged from Audit 12.0; not re-verified by Audit 12.1.,
WS-CAN-0039,Unfreeze the production Netlify frontend,Release / owner,Users receive the work,Standing since 2026-08-05,2026-08-05,2026-08-12,P0-owner,Not Started,Verified Current,Preserve but Do Not Modify,-,Netlify production site,"MEASURED 2026-08-12: rawsurf.netlify.app/service-worker.js BUILD_VERSION = 3bd38a83 (2026-05-20), while dev--rawsurf.netlify.app = 3ec3fd13 = HEAD exactly. Production frontend is 84 days behind HEAD",OWNER DECISION ONLY. Every frontend finding in this program is about an artifact production does not serve,Gate 0,,WS-OBJ-104,RE-MEASURED 12.1: prod SW BUILD_VERSION = 3bd38a83 (2026-05-20); dev SW = 9febd970 = HEAD exactly. Now EIGHTY-FIVE days behind. OWNER DECISION ONLY.,
WS-CAN-0040,Read the production Render environment variable screen,Evidence / owner,Bounds several flag-state questions in minutes,"11.0 S2.4, carried from the prior master",2026-08-08,2026-08-12,P0-owner,Not Started,Blocked,Complete Remaining Work,-,Render dashboard,Named as a standing gap by two consecutive masters. One dashboard screen,OWNER: one screen read,Gate 0,,see OBJECTIVE_TO_TASK_TRACEABILITY.csv,Carried forward unchanged from Audit 12.0; not re-verified by Audit 12.1.,
WS-CAN-0041,Uninstall the Vercel GitHub App,Hygiene / owner,Removes 8-of-8 failing deployment noise,Standing,2026-08-05,2026-08-11,Low,Not Started,Verified Historically but Not Current,Complete Remaining Work,0eac7f32 (noise resolved),GitHub app settings,"Owner stated ""we never set it up, we have Netlify"". The noise was resolved; the app was not uninstalled",OWNER: one click,Gate 0,,see OBJECTIVE_TO_TASK_TRACEABILITY.csv,Carried forward unchanged from Audit 12.0; not re-verified by Audit 12.1.,
WS-CAN-0042,Resolve the calibration census bound question honestly (re-derive at the operating percentile or wait for ERA5),Scientific calibration,A bound grades the population it was authored for,11.0 batch 3 / threshold-outlives-calibration class,2026-08-09,2026-08-12,Medium,Partially Implemented,Verified Current,Defer,42242bef,Forecast Calibration Census workflow; science_registry ratchet (d12d363c),The workflow is GREEN at HEAD (2026-08-12T15:31Z scheduled). The instrument defect was fixed (page on the percentile-invariant claim; absolute miss downgraded to BOUNDS STALE),OWNER: the bound value itself. NEVER widen. Registry debt count was 29,Gate 5,,see OBJECTIVE_TO_TASK_TRACEABILITY.csv,Carried forward unchanged from Audit 12.0; not re-verified by Audit 12.1.,
WS-CAN-0043,"Arm the marineCommitArbiter (shipped dark, 3000/3000 differential-tested)",Architecture consolidation,The pure reducer replaces the branch-heavy guard chain,11.0 R11-06 / Codex F-09,2026-08-09,2026-08-09,Medium,Implemented but Inactive,Partially Verified,Defer,pre-11.0,__RAW_MARINE_ARBITER__ flag; arbiterDecide,Ships dark behind a flag while the branch-heavy chain remains the live path. A shadow divergence ring exists,"Read arb_shadow_diverge rate first, THEN flip. Benchmark-first, not adopt",Gate 4,,see OBJECTIVE_TO_TASK_TRACEABILITY.csv,Carried forward unchanged from Audit 12.0; not re-verified by Audit 12.1.,
WS-CAN-0044,Fix the p2 rollout evaluator inverted exclude precedence before any canary,Defect repair,A canary cannot target the population it was told to exclude,Prior master / 11.0 R11-13,2026-08-08,2026-08-09,Dormant landmine,Not Started,No Evidence Located,Defer,-,p2.py:556-561 target-before-exclude,Zero callers today. Not re-verified at HEAD by this audit,Fix before any canary is wired,Gate 4,,see OBJECTIVE_TO_TASK_TRACEABILITY.csv,Carried forward unchanged from Audit 12.0; not re-verified by Audit 12.1.,
WS-CAN-0045,Add a non-vacuity guard to the verdict-cache byte-identity assertion,Test integrity,The equality cannot degrade into two empty buffers being equal,11.4 packet Stage 3,2026-08-12,2026-08-12,Low,Implemented and Active,Verified Current,Keep as Complete,uncommitted 2026-08-13 (marineMaskShelter.wrapper.test.js),marineMaskShelter.wrapper.test.js:378-385,"SHIPPED AND MUTATION-VALIDATED 2026-08-13. expectBothPhases() asserts the stamped buffer contains BOTH fully-opaque (sheltered, alpha 255) and fully-transparent (open, alpha 0) pixels, per the encoding at marineMaskShelter.js:438-440, so a byte-identity assertion cannot degrade into 'two blank buffers are equal'. Applied to the headline byte-identity test AND the POST-close test, which compares three buffers and had the identical exposure. VALIDATED THE WAY THE PACKET SPECIFIED: with NARROW mutated to an all-land fixture the byte-identity test FAILS on the guard, naming the missing phase (hasOpen: false); fixture restored, 54/54 pass. Full map surface 129 suites / 1362 tests green. LOC 624/800, ratchet clean. ⚠️ The sibling assertion (narrow.shelteredFrac > 0) was NOT protection -- fixtures drift and a sibling passing tells this assertion nothing, which is why the guard lives in the assertion it protects.","None. THIS CLOSES THE LAST OPEN STAGE OF AUDIT 11.4's AUTHORIZED_NEXT_GATE_PACKET -- stages 1, 2 and 4 were already complete at that packet's publication (see RV-04 / CF-01)",Gate 3,WS-CAN-0031,WS-OBJ-502,COMMITTED post-12.0 at 29ff21ab. Closes the last open stage of Audit 11.4 packet.,
WS-CAN-0046,Zarr / Kerchunk / COG / Dask cloud-native data migration,Data modernization,n/a,"MASTER-AUDIT 9.0/10.0/11.0, 11.2 DO_NOT_ADVANCE",2026-08-06,2026-08-11,n/a,Not Started,No Evidence Located,Reject,-,n/a,"Priced against what it would replace by three consecutive audits; all lose. 11.2 adds the decisive reframe: the backend data contract is already strong, the defect is that the CLIENT discards it",None. Reopen only with new evidence,n/a,,see OBJECTIVE_TO_TASK_TRACEABILITY.csv,Carried forward unchanged from Audit 12.0; not re-verified by Audit 12.1.,
WS-CAN-0047,JAX / CuPy / GPU / Numba numerical acceleration,Numerical modernization,n/a,MASTER-AUDIT 9.0/10.0/11.0,2026-08-06,2026-08-09,n/a,Not Started,No Evidence Located,Reject,-,n/a,Load-bearing premise re-verified at 11.0: 4 s CPU global forecast. There is no measured numerical bottleneck to accelerate,None,n/a,,see OBJECTIVE_TO_TASK_TRACEABILITY.csv,Carried forward unchanged from Audit 12.0; not re-verified by Audit 12.1.,
WS-CAN-0048,SWAN / FVCOM / GNN / nested grids / AMR nearshore modelling,Nearshore modelling,n/a,"MASTER-AUDIT 9.0/10.0/11.0, 11.2",2026-08-06,2026-08-11,n/a,Not Started,No Evidence Located,Reject,-,n/a,"Three audits agree the binding constraint is INPUT COVERAGE (0.25 degree tiles, break depth, shore normals), not physics. 11.2 adds: cannot validate a finer model while a fixed coordinate value depends on interaction history (RC-03)",None until WS-CAN-0033 closes and coverage grows,Gate 7,WS-CAN-0033,see OBJECTIVE_TO_TASK_TRACEABILITY.csv,Carried forward unchanged from Audit 12.0; not re-verified by Audit 12.1.,
WS-CAN-0049,Neural emulators / learned downscaling / AI bias correction / model blending,AI-assisted forecasting,n/a,"MASTER-AUDIT 9.0/10.0/11.0, 11.2",2026-08-06,2026-08-12,n/a,Not Started,No Evidence Located,Defer,-,n/a,11.2: a learned correction fitted against an unvalidated baseline is unfalsifiable. THIS AUDIT ADDS THE DECISIVE DATUM: at HEAD the served lane loses to a FREE public model at all three leads on n~1700-1800 paired samples. There is no validated baseline to correct toward,Blocked on WS-CAN-0026 and a matured ledger,Gate 8,WS-CAN-0026,see OBJECTIVE_TO_TASK_TRACEABILITY.csv,Carried forward unchanged from Audit 12.0; not re-verified by Audit 12.1.,
WS-CAN-0050,WebGPU / OffscreenCanvas / SharedArrayBuffer rendering modernization,GPU modernization,n/a,"MASTER-AUDIT 10.0/11.0, 11.2 DO_NOT_ADVANCE",2026-08-07,2026-08-11,n/a,Not Started,No Evidence Located,Defer,-,n/a,"No measured GPU bottleneck. 11.2: adding a worker adds an authority to a subsystem that already has three disagreeing ones. AND frame rate is currently unmeasurable (WS-CAN-0037), so no before/after could be graded",Blocked on WS-CAN-0037,Gate 6,WS-CAN-0037,see OBJECTIVE_TO_TASK_TRACEABILITY.csv,Carried forward unchanged from Audit 12.0; not re-verified by Audit 12.1.,
WS-CAN-0051,Learned nearshore transform,Nearshore / AI,n/a,QUEUE-2026-08-03,2026-08-03,2026-08-09,n/a,Not Started,Verified Current,Defer,-,n/a,Postponed by 11.0 with a stated reason that is itself the finding: the dataset is not growing,None until the observation dataset grows,Gate 8,,see OBJECTIVE_TO_TASK_TRACEABILITY.csv,Carried forward unchanged from Audit 12.0; not re-verified by Audit 12.1.,
WS-CAN-0052,SURF_PARTITIONS flip,Scientific calibration,n/a,Prior master / 11.0,2026-08-08,2026-08-12,High risk,Not Started,Verified Current,Defer,-,"point_resolution.py:121, spot_conditions.py:138, both default ""0""","Its named blocker WS-CAN-0002 IS now closed (the JS mirror refusal shipped). The cap-seam remains, and the flag is still OFF at HEAD",Cap-seam decision + all lanes flip together + owner,Gate 5,WS-CAN-0002,see OBJECTIVE_TO_TASK_TRACEABILITY.csv,Carried forward unchanged from Audit 12.0; not re-verified by Audit 12.1.,
WS-CAN-0053,SURF_TIDE_DEPTH flip,Scientific calibration,n/a,Prior master / 11.0 / INDEX-forecast-science,2026-08-07,2026-08-12,High risk,Partially Implemented,Partially Verified,Defer,-,science_registry,"OWNER DECISION recorded as OFF. Tide is measured at 19x the reach of gamma, so this is the highest-reach absent nearshore term",Break-depth completion + a positive-control census,Gate 7,,WS-OBJ-602,"EIGHTEEN post-12.0 commits - the single largest work stream since 12.0. Six tide samples, five nulls; the harness is proven able to see a 38.1-point move. Sample 2 (8 rows / 3.2 pts) remains unexplained after every hypothesis was tested and failed. Still an OWNER call.",
WS-CAN-0054,Arm the skill-MAE gate,Scientific validation,The ledger can page on a real accuracy regression,11.0 F-06 constraint,2026-08-09,2026-08-12,Medium,Not Started,Verified Current,Defer,-,forecast_accuracy_monitor.py,Deliberately unarmed until ~2026-08-22 on two clean weeks. The ledger clock it waited on IS now closed: run 31606511901 reads ledgered=1044 scored=919 pending=25640 evicted_cap=0,"Wait for 08-22, then arm. Do not tune constants before then",Gate 5,WS-CAN-0026,see OBJECTIVE_TO_TASK_TRACEABILITY.csv,Carried forward unchanged from Audit 12.0; not re-verified by Audit 12.1.,
WS-CAN-0055,Close the standing stale-worktree hygiene hazard,Hygiene,Searches cannot silently read a different commit,11.0 title page,2026-08-09,2026-08-12,Low,Not Started,Verification Failed,Complete Remaining Work,-,git worktree list,"Report 11.0 flagged ONE stale registered worktree. At HEAD there are SIX, five of them pinned to 79056047/e8f10955 from a prior session. This audit added and correctly removed its own",OWNER/session-owner: prune the five orphans (they may hold another session work - do not force-remove blind),Gate 0,,WS-OBJ-704,"WORSE AT 12.1: seven registered worktrees, not six. Five orphans still pinned to 79056047/e8f10955, plus one live claude/ worktree at ac08781d on another branch. Prune the five deliberately.",
WS-CAN-0056,Establish one continuous release-gate taxonomy,Governance,A gate has a history,THIS AUDIT,2026-08-12,2026-08-12,Medium,Not Started,No Evidence Located,Complete Remaining Work,-,audit/weather-simulation-11.2/RELEASE_GATE_MATRIX.csv vs audit/weather-simulation-11.4/RELEASE_GATE_MATRIX.csv,"11.2 publishes gates 1-8 by DOMAIN (Data Truth, Projection Truth, ...); 11.4 publishes gates A-I by AUDIT DIMENSION (Mission Compliance, Causal Closure, ...). They are different taxonomies. 11.2 Gate 1 Data Truth FAIL has NO successor row in 11.4. 11.4 Gate C Test Integrity has NO predecessor",Adopt one taxonomy (12.0 uses the domain gates) and map both historical matrices onto it once,Gate 0,,see OBJECTIVE_TO_TASK_TRACEABILITY.csv,Carried forward unchanged from Audit 12.0; not re-verified by Audit 12.1.,
WS-CAN-0057,Default serving model: GFS vs EURO,Scientific correctness / model selection,"The served default is the lane the evidence supports, or the reason it is not is recorded",THIS AUDIT (arises from WS-CAN-0026's output),2026-08-12,2026-08-12,Medium,Not Started,Verified Current,Investigate,-,"BUOY_CALIBRATION_MODEL; /spot-ratings default; backend/scripts/model_skill_census.py (the instrument, pre-existing)","RV-08: EURO better in 28 of 30 paired ledger cells, strengthening as n grows 658->2092. RV-09: the provider CONTROL dismantles the headline -- restricted to sites where EURO actually served ECMWF (n=34 of 60) EURO beats GFS by 2.9%, not 36.7%. RV-11: the 26 sites carrying the headline are 26/26 on COARSE global coverage for GFS, while ECMWF-served sites have a regional tile 56% of the time. The advantage is COVERAGE, not model. POOLED 2026-08-13 (RV-10, 9 runs over ~7 h, 21:00Z-03:00Z): the decomposition HOLDS. EURO/ecmwf n=33-39 -> EURO 0.1676 vs GFS 0.1780 = 5.9% better like-for-like, against a pooled headline of 33.5% (EURO 0.1658 vs GFS 0.2493). Sites routed away from ecmwf held at 20-26 of 60 in every run. EURO was best_model 9/9 and won every sampled band 9/9. SAMPLER HOMOGENEITY CHECKED: model_skill_census.py was untouched while the branch moved 7 times under the pool, so the 9 runs are one instrument, not two averaged. big >3m NOT SAMPLED in any of the 9 runs -- and that is an honest absence, not a sampling defect: 0 of 204 fresh NDBC stations worldwide report >3.0 m, and the census stride's sampled distribution is identical to the full one (max 2.80, p90 1.60, median 0.60 in both). ⚠️ 9 runs over 7 h sample ONE synoptic situation; at r>0.95 hourly autocorrelation the effective independent n is 1-2, so the WEATHER rows are not a confidence bound.","DO NOT FLIP -- now on 9 pooled runs, not one. Superseded in priority by WS-CAN-0058. The tail remains the open question and it is a CALENDAR dependency, not an engineering one: it needs a storm, not more runs. Re-run the pool across DAYS when one arrives",Gate 1,WS-CAN-0058,WS-OBJ-603,"DO NOT FLIP - unchanged. 12.1 ADDS from the live monitor (LV-03): raw_surf:ICON MAE 0.310/0.342/0.383 vs the served lane 0.187/0.203/0.219 - ICON is 66-75% worse at every lead and is user-selectable. A model-selection datum, not an accuracy incident.",
WS-CAN-0058,0.25 deg regional tile-coverage expansion (+3 to +5 regions),Data coverage / forecast accuracy,Fewer served spots resolved from the coarse global grid,THIS AUDIT; the coverage constraint is the standing conclusion of MASTER-AUDIT 9.0/10.0/11.0,2026-08-12,2026-08-12,HIGH,Not Started,Verified Current,Complete Remaining Work,-,"pilot_regions.WORLDWIDE_COASTAL_REGIONS (12, rotating 3/fire, 32 h) + REGIONAL_CONFIGS (2, core, every fire); WORLDWIDE_REGIONS_PER_CYCLE in forecast-ingest-pilots.yml AND forecast-ingest.yml; test_worldwide_count_and_per_cycle_keep_the_32h_cadence","RV-12. DEMAND: 1041 of 1773 catalogue spots covered (58.7%), 732 (41.3%) on the coarse grid. BENEFIT, two independent instruments agreeing: MAE 0.30-0.32 coarse vs 0.177 tiled (RV-09/RV-11), and tier_resolution_delta.py's 21.0% median / 41.7% max breaking-height geometry error that does not shrink with lead. COST: download is free since multi-bbox removed the x REGIONS term (276->138 steps); the binding constraint is CADENCE against a 200-min timeout, with pilot runs at median 80.4 / max 102.2 min -- and that ceiling already caused three cancelled core runs once. +3 -> 62.6%, +5 -> 65.0% POOLED CONFIRMATION (RV-10): the coverage split held at 20-26 of 60 sites routed away from ecmwf across all 9 runs, and the like-for-like model gap is 5.9%. The premise of this task is confirmed on 9 runs.","Add 3-5 regions (Puerto Rico/VI, Madeira, Morocco, Panama/CR Caribbean, Sri Lanka/Maldives) and raise WORLDWIDE_REGIONS_PER_CYCLE in BOTH workflows together. GATE ON ONE MEASUREMENT FIRST: the fixed-vs-variable runtime split of the pilot lane (one instrumented run at per_cycle 4 vs 3). Do not exceed per_cycle 5 without it -- the +15 estimate lands near 180 min against a 200-min ceiling and is the weakest number in RV-12. Caveats: coverage is bbox containment not served-payload validated; spot count is not usage-weighted demand",Gate 1,-,see OBJECTIVE_TO_TASK_TRACEABILITY.csv,Carried forward unchanged from Audit 12.0; not re-verified by Audit 12.1.,
WS-CAN-0059,E2E route handler: `url.includes('.js')` matches `.json`,Test infrastructure / defect repair,"The browser lane fails on the application, not on its own mock handler","THIS AUDIT (found incidentally, from a CI failure the owner asked me to dig into)",2026-08-13,2026-08-13,HIGH (blocks WS-CAN-0027's value),Fully Delivered,Verified Current,Keep as Complete,"af0be9df (2026-08-13), pushed",frontend/e2e/weather-simulation.spec.js:74-99 (global page.route handler),"RV-14, run 31652826600 (head b5632fc7, 35.8 min): 16 failed / 1 flaky / 31 passed, and the failures are BROWSER-CONFINED -- Desktop Safari 24 artifacts, Desktop Firefox 10, Desktop Chrome 0, Mobile Safari 0. A regression in the app would not spare Chrome and both mobile projects. Dominant error: 14x ""Unexpected token '/', /* mocked */ is not valid JSON"". MECHANISM CONFIRMED BY INSPECTION: the handler branches on url.includes('.js'), a SUBSTRING test, and '.js' in 'manifest.json' is True -- so every .json off an allowed origin is served '/* mocked */' under contentType application/javascript, and any .json()/JSON.parse raises exactly that string. The 36 'frame was detached' cancellations and 13 90s page.goto timeouts are CONSEQUENCES of the page tearing down, not causes. NOT ESTABLISHED: why Chrome passes with the identical handler installed -- so the substring bug is a confirmed defect with an unconfirmed share of the blame. SECOND DEFECT IN THIS SAME HANDLER: its own comment records that the terminal else branch once manufactured a synthetic 404 that was investigated as a backend failure ('the 404 was manufactured here; the backend never sent it') FIXED 2026-08-13: substring test replaced with a path-based extension check (extOf strips ?query/#fragment and guards dot>slash so a dotted DIRECTORY like cdn.x.io/v1.2/lib is not read as an extension). Verified by table: .js/.mjs/.cjs and extensionless-script URLs unchanged; ONLY .json flips from mocked-as-JS to the terminal 404 -- including api.mapbox.com/styles/v1/*.json, which MapLibre parses as a basemap style and is a plausible browser-differentiated path. The .css.map collision in the sibling branch is fixed by the same helper. eslint back to its 71-error baseline (0 added), node --check parses, playwright collects 52 tests in 2 files, LOC 773/800 ratchet clean.","SHIPPED AND UNVERIFIED -- owner accepted this state 2026-08-13. The fix is on origin; nothing needs pushing and NOTHING NEEDS DISPATCHING. ⛔ DO NOT workflow_dispatch to verify: github.ref is refs/heads/dev for both push and dispatch, so a dispatch shares the concurrency group and CANCELS the push-triggered run it was meant to replace. TO VERIFY, WAIT FOR A QUIET BRANCH: the lane needs 10-35 min uninterrupted and any push touching a non-paths-ignore path kills it. Measured 2026-08-12/13: 5 attempts, 5 cancellations, pushes arriving every 2-4 min from a concurrent session; 1 completed run in 8 hours. Then re-count the browser split against the pre-fix baseline Safari 24 / Firefox 10 / Chrome 0 / mobile 0. If Safari and Firefox still fail the substring bug was a CONTRIBUTOR and 'why did Chrome pass' is the live question. DO NOT declare the lane fixed on one green -- 6 pass / 28 fail over 34 runs means one green sits inside the noise. PARTIAL SIGNAL, insufficient on its own: across 3 truncated post-fix runs the mocked-JSON parse error never appeared and mapbox style 404s consistently did -- the fix changing the FAILURE MODE as designed, which is not evidence it fixes the lane",Gate 3,blocks WS-CAN-0027,WS-OBJ-705,"CERTIFIED COMPLETE BY THIS AUDIT (LV-02). Five consecutive COMPLETED green E2E runs (7b74ae96, 82005e35, 0f13fa7d, 2dd8f1ff, ba7f1c18), each ""Running 52 tests | 47 passed | 5 skipped | 0 failed"" - so the tests ran and this is not the skip trap. Against a pre-fix rate of 6/34 (18%), five consecutive greens has p ~ 1.9e-4. The prior session stop condition (""do not call it fixed on one green"") is satisfied. NOT explained: why Chrome passed pre-fix - now unanswerable, there are no failures left to attribute. Record as closed-by-repair, not closed-by-explanation.",
WS-CAN-0060,Colour-scale key coverage: a layer whose variable resolves to no scale paints transparent,Defect repair,A lookup miss cannot masquerade as nothing-to-show,POST-12.0 (owner-reported: water temp blank on every model),2026-08-13,2026-08-13,HIGH (user-visible),Implemented and Active,Verified Current,Keep as Complete,"0f13fa7d, 2dd8f1ff, 6bef6eda",frontend/src/components/map/colorScales.js; layerColorScaleCoverage.test.js,"Water temp requested variable=surface_temperature; decode produced 4,718,592 real values (-53.95..+38.75 C); colourisation found no scale under that key among 49 and emitted transparent tiles. LayerRegistry had moved the DATA to surface_temperature while the SCALE kept the old name. Owner-confirmed fixed and deployed. Class guard added over every raster AND marine layer, mutation-proven; it false-positived once on temperature_2m (LEVEL_REGEX strips level suffixes) and is now calibrated against both observed outcomes with a control test.",None. NOTE: this defect existed throughout Audits 11.0-12.0 and no task covered it - blank-render was not an objective any prior audit tracked.,Gate 3,,WS-OBJ-101,OPENED BY AUDIT 12.1. New ID; no prior task covered this.,
WS-CAN-0061,water_temp anchor re-assert buries the field beneath the basemap water fill (0dcfc4ee); the ordering constraint is unsatisfiable as arranged,Defect repair,A weather raster paints at every supported zoom,"POST-12.0 (owner-reported as ""fog isn't activating at the two farthest out zooms"")",2026-08-13,2026-08-13,HIGH (user-visible),Fully Delivered,Verified Current,Keep as Complete,"82005e35, ba7f1c18, f314f418 (instrumentation only). NOTE 06bf431f is NOT a fix for this task - see disposition note.",frontend/src/components/map/openMeteoProtocol.js (isModelMatch); omUrlTrace.js,"CLOSED 2026-08-13, OWNER-CONFIRMED ON LIVE DEV. Root cause: OceanMask.findInsertionPoint returned the first structural layer in the style; in Mapbox Streets that is landcover, which PRECEDES water, so the mask anchored BELOW the basemap ocean and dragged the water_temp slots (and the marine anchor) under with it. NOT a zoom-floor defect and NOT model_lock. Proven on film: mid-gesture z2 renders perfectly, +6s settled it is erased -- the basemap tiles arrive and water paints over it. Fix f3fe2c85 anchors above the highest basemap water fill with a fallback to the pre-fix anchor. BEFORE slots [3,4,5]/mask 6/water 11; AFTER slots [19,20,21]/mask 22/water 6. 18 tests, mutation kills 5; 133 suites / 1398 tests; OceanMask.js 905->895.",None. THEME-DEPENDENT: a capture in theme:light showed the bug ABSENT; record the active THEME as well as the model on every future om:// measurement.,Gate 3,,WS-OBJ-101,CLOSED BY AUDIT 12.1. Evidence LV-09..LV-12. e88b0f68 (the anchor post-condition) converts from a no-op into the regression detector for this arrangement.,
WS-CAN-0062,Geometry readiness is on the wire but the user-facing confidence field does not read it,User-facing truth / disclosure,A degraded or blind geometry spot says how well it is known,"POST-12.0 (563f0f73, 0a13d56e)",2026-08-13,2026-08-13,Medium (High trust),Implemented and Active,Verified Complete,Repair,-,"backend/services/weather_pipeline/spot_ratings.py (confidence, why)","LV-06, live bbox n=24: geometry_readiness {full: 20, degraded: 4} while confidence {medium: 12, high: 11, low: 1} - Kennedy Space Center (degraded) and Cape Canaveral (full) BOTH report confidence medium. Post-12.0 census: 44.0% of 1,052 SAMPLED spots degraded, 17 blind, and 15 of 17 blind spots report confidence medium, identical to full-geometry spots; the only signal is a missing word in why.","Make confidence (or an explicit field) a function of geometry_readiness. CAVEAT ON THE NUMBER: quote as ""of 1,052 sampled spots"", never ""of the estate"" - 4 of 6 regions hit the endpoint limit=200 cap, and an earlier 47% figure was retracted at f39e9cf5 for exactly this.",Gate 1,,WS-OBJ-207,OPENED BY AUDIT 12.1. New ID; no prior task covered this.,"CLOSED 2026-08-14 by Program 13.0 Mission 1. AUTHORITY DECISION: additive disclosure via `why`, `confidence` NOT redefined (collapsing the pin/inputs axes would create a second instance of the one-quantity-two-meanings class that blocks WS-CAN-0005). Vocabulary owner: spot_geometry_readiness.caveat(). Reproduced live: 8 distinct why-strings shared across full AND degraded geometry on prod 2026-08-14T18:00Z (n=87). Mutation-proven both ways. Rendered in the live app (Kennedy Space Center popup)."
WS-CAN-0063,TruthOverlay fps || 60 fabricates a healthy frame rate on the only client-to-server transport,Observability / measure-or-refuse,A frozen render is distinguishable from a healthy one on the wire,THIS AUDIT (12.1),2026-08-13,2026-08-13,Medium (High trust),Fully Delivered,Verified Current,Keep as Complete,-,"frontend/src/components/map/TruthOverlay.js:126; WeatherTelemetry.js:41-42, 380-400","CLOSED 2026-08-13. TWO SITES, not one -- the audit found only the client half. TruthOverlay.js:126 sent fps: ...?.gpuStats?.fps || 60 AND routes/weather.py:726 logged FPS: {report.fps or 60}, so the SERVER re-fabricated whatever the client sent. Fixing only the client would have shipped green. gpuStats.fps is Math.round(frames*1000/elapsed) = 0 on a frozen render, and both 0 || 60 and 0 or 60 are 60. Client now uses ?? null (schema already allowed Optional[float]); server prints unmeasured for None and preserves a measured 0. 3 backend tests (mutation kills 2, the third is the positive control that must stay green on both sides) + 4 frontend source guards with their own positive control (mutation kills 3).","None. NOT COVERED: TruthOverlay has no render harness, so the client half is pinned by a SOURCE guard, not a rendered payload. The backend guard cannot protect it -- reintroduce || 60 on the client and the server faithfully logs the 60 it was handed.",Gate 1,,WS-OBJ-506,OPENED BY AUDIT 12.1. New ID; no prior task covered this.,
WS-CAN-0064,/api/conditions/batch exceeds 10 s on 100% of sampled calls; p50 ~52-59 s,Performance / capacity,No route sits above its budget at the median,"THIS AUDIT (12.1), from evidence present in 12.0 own RV-01",2026-08-12,2026-08-13,HIGH,Not Started,Verified Current,Repair,-,backend/routes/surf_data/conditions.py,"LV-07, two independent readings. 12.0 RV-01 (08-12T19:28Z): n=9, avg 23,754 ms, p50 52,238 ms, 9 of 9 over 10 s. 12.1 LV-01 (08-13T15:44Z): n=8, avg 27,559 ms, p50 58,713 ms, 8 of 8 over 10 s. This is the worst route in the system by median and it appears in TWO consecutive audits evidence while being named in NEITHER report - 12.0 named grid_series (p99 31 s) as the latency finding. over_10000ms is not bucketed and is unambiguous.","Scope WITH WS-CAN-0009 - same file. Caveat: percentiles are bucket upper bounds and cumulative; the defensible claim is ""every sampled call exceeded 10 s, max observed 58.7 s"".",Gate 5,,WS-OBJ-302,OPENED BY AUDIT 12.1. New ID; no prior task covered this.,
WS-CAN-0065,Pre-push CI floor hook and floor-staleness governance,Test infrastructure / governance,"A floor trap is caught at push time, the one moment it is still cheap",POST-12.0,2026-08-12,2026-08-13,Medium,Implemented and Active,Partially Verified,Keep as Complete,"c40b7fff, 2d2a29cb, 3f19ed70, 6354c7ea, 11217c2d, e88be1af, d4c4f5d3, 01832f86, f0bcef10, be6d5b83, de5b4557",backend/scripts/check_floor_before_push.py; ci_floor_staleness.py; .github/workflows/ci.yml,"Eleven post-12.0 commits. The hook caught a real floor trap at push time (6354c7ea, estate 347 -> 351) rather than in a red build, and was optimised 1200 ms -> 424 ms. Diagnosed class: raising a floor needs TWO edits (MIN_PASSED in ci.yml AND _FLOOR_SET_FROM in the staleness test) and all three commits that ever acted on the message did one - a property of the instruction, not of three authors. A warning was added that core.hooksPath would silently disable the LOC guard.",Not independently re-verified by this audit beyond observing the CI lanes green. The hook is local and unshareable by design.,Gate 3,,WS-OBJ-705,OPENED BY AUDIT 12.1. New ID; no prior task covered this.,
WS-CAN-0066,"The SCHEDULED surf alert stated no quality; the repaired path was a manual POST nobody calls, and the guard graded the wrong file",Defect repair / user-facing truth,"The alert that actually fires states the quality alongside the size, and the guard discovers its own census",12.2,2026-08-14,2026-08-14,Critical,Implemented and Active,Verified Complete,Keep as Complete,(this change),"backend/scheduler/surf_alerts.py:78,106-108,126-160 (shares surf_alert_body); backend/tests/test_surf_alert_states_the_quality.py (census now DISCOVERS emitters); backend/tests/test_surf_alert_scheduled_states_the_quality.py (NEW, drives the task; named to match the guards-lane pattern tests/test_surf_*.py in scripts/ci_test_lanes.py, so it runs BESIDE its sibling rather than falling to the estate lane); frontend/public/service-worker.js:285-295 (deep link); frontend/src/utils/notificationDeepLinks.surfAlertParity.test.js (NEW)","CLOSED 2026-08-14. scheduler/__init__.py:43-45 registers check_surf_alerts_task on IntervalTrigger(minutes=15); /api/health confirmed it live as {""id"":""check_surf_alerts"",""trigger"":""interval[0:15:00]""}. That file sent ""Waves are {h}ft - perfect conditions!"" (:94) and ""Go get some!"" (:111, WEB PUSH) with rating/rating_level unread in the same dict (spot_conditions.py:438-439 writes them). Quality refs went 0 -> 5 (control: the repaired route reads 8). MUTATION-PROVEN BOTH WAYS: reverting the fix reddens 6 tests across the two backend files, and reverting the SW deep link reddens all 4 parity tests; both restores verified by sha256. The trigger-unchanged control stays GREEN under mutation, isolating the CLAIM from WHEN it fires. Frontend 2142 passed (2138 baseline + 4 new, no reduction).","None for the defect. TWO THINGS DELIBERATELY NOT DONE, recorded rather than hidden: (1) the two alert JOBS were NOT consolidated - only the composer is shared - because the scheduled one groups alerts by spot to cut provider calls and the route does not, so merging is a refactor outside this mission; (2) the frontend half (deep link) reaches no production user until WS-CAN-0039, since prod has served a 2026-05-20 artifact for 85 days.",Gate 1,None - the rating was already computed and already in the dict,WS-OBJ-201 (scope reopened: its consumer census was never taken),"Opened and closed by Audit 12.2. THE SECOND DEFECT WAS THE MORE IMPORTANT ONE: test_surf_alert_states_the_quality.py:105 opened ONE hard-coded path - routes/surf_data/alerts.py - which is not the scheduled file, so the guard was green for ~8 days while the live path claimed perfection. The census now walks the tree for Notification(type=""surf_alert"") and send_push_notification(data.type=""surf_alert"") and grades every emitter found. A THIRD emitter exists - routes/notifications/push_payloads.py:352 notify_surf_alert_triggered - which composes no body (takes alert_summary as a parameter) and has zero production callers (11 of that module's 18 notify_* are in the same state); it is exempt BY STRUCTURE, not by an exception list. Repo class: ""THE CENSUS IS THE DEFECT, NOT THE ASSERTION.""",Closed pre-program at a1b5aac3 (floor raise 886094ce). Audit 12.2 authorized mission; confirmed complete before Program 13.0 Mission 1 selection.
